{"v":"5.5.9","fr":24,"ip":0,"op":66,"w":130,"h":130,"nm":"速度2（确认）","ddd":0,"assets":[],"layers":[{"ddd":0,"ind":1,"ty":4,"nm":"形状图层 5","sr":1,"ks":{"o":{"a":0,"k":100,"ix":11},"r":{"a":0,"k":0,"ix":10},"p":{"a":0,"k":[85.495,75.999,0],"ix":2},"a":{"a":0,"k":[-20.005,4.592,0],"ix":1},"s":{"a":0,"k":[100,100,100],"ix":6}},"ao":0,"shapes":[{"ty":"gr","it":[{"ind":0,"ty":"sh","ix":1,"ks":{"a":1,"k":[{"i":{"x":0.667,"y":1},"o":{"x":0.333,"y":0},"t":0,"s":[{"i":[[0.552,0],[0,0],[0,-0.552],[0,0],[-0.552,0],[0,0],[0,0.552],[0,0]],"o":[[0,0],[-0.552,0],[0,0],[0,0.552],[0,0],[0.552,0],[0,0],[0,-0.552]],"v":[[1.5,-1.414],[-1.501,-1.413],[-2.501,-0.413],[-2.488,1.58],[-1.488,2.58],[1.513,2.579],[2.513,1.579],[2.5,-0.414]],"c":true}]},{"i":{"x":0.667,"y":1},"o":{"x":0.333,"y":0},"t":11,"s":[{"i":[[0.552,0],[0,0],[0,-0.552],[0,0],[-0.552,0],[0,0],[0,0.552],[0,0]],"o":[[0,0],[-0.552,0],[0,0],[0,0.552],[0,0],[0.552,0],[0,0],[0,-0.552]],"v":[[1.5,-16.418],[-1.501,-16.417],[-2.501,-15.417],[-2.488,1.58],[-1.488,2.58],[1.513,2.579],[2.513,1.579],[2.5,-15.418]],"c":true}]},{"i":{"x":0.667,"y":1},"o":{"x":0.333,"y":0},"t":22,"s":[{"i":[[0.552,0],[0,0],[0,-0.552],[0,0],[-0.552,0],[0,0],[0,0.552],[0,0]],"o":[[0,0],[-0.552,0],[0,0],[0,0.552],[0,0],[0.552,0],[0,0],[0,-0.552]],"v":[[1.5,0.566],[-1.501,0.567],[-2.501,1.567],[-2.488,1.58],[-1.488,2.58],[1.513,2.579],[2.513,1.579],[2.5,1.566]],"c":true}]},{"i":{"x":0.667,"y":1},"o":{"x":0.333,"y":0},"t":33,"s":[{"i":[[0.552,0],[0,0],[0,-0.552],[0,0],[-0.552,0],[0,0],[0,0.552],[0,0]],"o":[[0,0],[-0.552,0],[0,0],[0,0.552],[0,0],[0.552,0],[0,0],[0,-0.552]],"v":[[1.5,-9.418],[-1.501,-9.417],[-2.501,-8.417],[-2.488,1.58],[-1.488,2.58],[1.513,2.579],[2.513,1.579],[2.5,-8.418]],"c":true}]},{"i":{"x":0.667,"y":1},"o":{"x":0.333,"y":0},"t":44,"s":[{"i":[[0.552,0],[0,0],[0,-0.552],[0,0],[-0.552,0],[0,0],[0,0.552],[0,0]],"o":[[0,0],[-0.552,0],[0,0],[0,0.552],[0,0],[0.552,0],[0,0],[0,-0.552]],"v":[[1.5,-5.418],[-1.501,-5.417],[-2.501,-4.417],[-2.488,1.58],[-1.488,2.58],[1.513,2.579],[2.513,1.579],[2.5,-4.418]],"c":true}]},{"i":{"x":0.667,"y":1},"o":{"x":0.333,"y":0},"t":55,"s":[{"i":[[0.552,0],[0,0],[0,-0.552],[0,0],[-0.552,0],[0,0],[0,0.552],[0,0]],"o":[[0,0],[-0.552,0],[0,0],[0,0.552],[0,0],[0.552,0],[0,0],[0,-0.552]],"v":[[1.5,-20.418],[-1.501,-20.417],[-2.501,-19.417],[-2.488,1.58],[-1.488,2.58],[1.513,2.579],[2.513,1.579],[2.5,-19.418]],"c":true}]},{"t":66,"s":[{"i":[[0.552,0],[0,0],[0,-0.552],[0,0],[-0.552,0],[0,0],[0,0.552],[0,0]],"o":[[0,0],[-0.552,0],[0,0],[0,0.552],[0,0],[0.552,0],[0,0],[0,-0.552]],"v":[[1.5,-1.418],[-1.501,-1.417],[-2.501,-0.417],[-2.488,1.58],[-1.488,2.58],[1.513,2.579],[2.513,1.579],[2.5,-0.418]],"c":true}]}],"ix":2},"nm":"路径 1","mn":"ADBE Vector Shape - Group","hd":false},{"ty":"fl","c":{"a":0,"k":[1,1,1,1],"ix":4},"o":{"a":0,"k":100,"ix":5},"r":1,"bm":0,"nm":"填充 1","mn":"ADBE Vector Graphic - Fill","hd":false},{"ty":"tr","p":{"a":0,"k":[-20.01,2.012],"ix":2},"a":{"a":0,"k":[0,0],"ix":1},"s":{"a":0,"k":[100,100],"ix":3},"r":{"a":0,"k":0,"ix":6},"o":{"a":0,"k":100,"ix":7},"sk":{"a":0,"k":0,"ix":4},"sa":{"a":0,"k":0,"ix":5},"nm":"变换"}],"nm":"矩形 1","np":3,"cix":2,"bm":0,"ix":1,"mn":"ADBE Vector Group","hd":false}],"ip":0,"op":66,"st":0,"bm":0},{"ddd":0,"ind":2,"ty":4,"nm":"形状图层 4","sr":1,"ks":{"o":{"a":0,"k":100,"ix":11},"r":{"a":0,"k":0,"ix":10},"p":{"a":0,"k":[75.496,75.999,0],"ix":2},"a":{"a":0,"k":[-20.004,4.499,0],"ix":1},"s":{"a":0,"k":[100,100,100],"ix":6}},"ao":0,"shapes":[{"ty":"gr","it":[{"ind":0,"ty":"sh","ix":1,"ks":{"a":1,"k":[{"i":{"x":0.667,"y":1},"o":{"x":0.333,"y":0},"t":0,"s":[{"i":[[0.552,0],[0,0],[0,-0.552],[0,0],[-0.552,0],[0,0],[0,0.552],[0,0]],"o":[[0,0],[-0.552,0],[0,0],[0,0.552],[0,0],[0.552,0],[0,0],[0,-0.552]],"v":[[1.5,-19.508],[-1.501,-19.507],[-2.501,-18.507],[-2.495,1.486],[-1.495,2.486],[1.507,2.485],[2.507,1.485],[2.5,-18.508]],"c":true}]},{"i":{"x":0.667,"y":1},"o":{"x":0.333,"y":0},"t":11,"s":[{"i":[[0.552,0],[0,0],[0,-0.552],[0,0],[-0.552,0],[0,0],[0,0.552],[0,0]],"o":[[0,0],[-0.552,0],[0,0],[0,0.552],[0,0],[0.552,0],[0,0],[0,-0.552]],"v":[[1.5,-1.477],[-1.501,-1.476],[-2.501,-0.476],[-2.495,1.486],[-1.495,2.486],[1.507,2.485],[2.507,1.485],[2.5,-0.477]],"c":true}]},{"i":{"x":0.667,"y":1},"o":{"x":0.333,"y":0},"t":22,"s":[{"i":[[0.552,0],[0,0],[0,-0.552],[0,0],[-0.552,0],[0,0],[0,0.552],[0,0]],"o":[[0,0],[-0.552,0],[0,0],[0,0.552],[0,0],[0.552,0],[0,0],[0,-0.552]],"v":[[1.5,-14.492],[-1.501,-14.491],[-2.501,-13.491],[-2.495,1.486],[-1.495,2.486],[1.507,2.485],[2.507,1.485],[2.5,-13.492]],"c":true}]},{"i":{"x":0.667,"y":1},"o":{"x":0.333,"y":0},"t":33,"s":[{"i":[[0.552,0],[0,0],[0,-0.552],[0,0],[-0.552,0],[0,0],[0,0.552],[0,0]],"o":[[0,0],[-0.552,0],[0,0],[0,0.552],[0,0],[0.552,0],[0,0],[0,-0.552]],"v":[[1.5,-6.445],[-1.501,-6.444],[-2.501,-5.444],[-2.495,1.486],[-1.495,2.486],[1.507,2.485],[2.507,1.485],[2.5,-5.445]],"c":true}]},{"i":{"x":0.667,"y":1},"o":{"x":0.333,"y":0},"t":44,"s":[{"i":[[0.552,0],[0,0],[0,-0.552],[0,0],[-0.552,0],[0,0],[0,0.552],[0,0]],"o":[[0,0],[-0.552,0],[0,0],[0,0.552],[0,0],[0.552,0],[0,0],[0,-0.552]],"v":[[1.5,-14.508],[-1.501,-14.507],[-2.501,-13.507],[-2.495,1.486],[-1.495,2.486],[1.507,2.485],[2.507,1.485],[2.5,-13.508]],"c":true}]},{"i":{"x":0.667,"y":1},"o":{"x":0.333,"y":0},"t":55,"s":[{"i":[[0.552,0],[0,0],[0,-0.552],[0,0],[-0.552,0],[0,0],[0,0.552],[0,0]],"o":[[0,0],[-0.552,0],[0,0],[0,0.552],[0,0],[0.552,0],[0,0],[0,-0.552]],"v":[[1.5,-10.508],[-1.501,-10.507],[-2.501,-9.507],[-2.495,1.486],[-1.495,2.486],[1.507,2.485],[2.507,1.485],[2.5,-9.508]],"c":true}]},{"t":66,"s":[{"i":[[0.552,0],[0,0],[0,-0.552],[0,0],[-0.552,0],[0,0],[0,0.552],[0,0]],"o":[[0,0],[-0.552,0],[0,0],[0,0.552],[0,0],[0.552,0],[0,0],[0,-0.552]],"v":[[1.5,-19.508],[-1.501,-19.507],[-2.501,-18.507],[-2.495,1.486],[-1.495,2.486],[1.507,2.485],[2.507,1.485],[2.5,-18.508]],"c":true}]}],"ix":2},"nm":"路径 1","mn":"ADBE Vector Shape - Group","hd":false},{"ty":"fl","c":{"a":0,"k":[1,1,1,1],"ix":4},"o":{"a":0,"k":100,"ix":5},"r":1,"bm":0,"nm":"填充 1","mn":"ADBE Vector Graphic - Fill","hd":false},{"ty":"tr","p":{"a":0,"k":[-20.01,2.012],"ix":2},"a":{"a":0,"k":[0,0],"ix":1},"s":{"a":0,"k":[100,100],"ix":3},"r":{"a":0,"k":0,"ix":6},"o":{"a":0,"k":100,"ix":7},"sk":{"a":0,"k":0,"ix":4},"sa":{"a":0,"k":0,"ix":5},"nm":"变换"}],"nm":"矩形 1","np":3,"cix":2,"bm":0,"ix":1,"mn":"ADBE Vector Group","hd":false}],"ip":0,"op":66,"st":0,"bm":0},{"ddd":0,"ind":3,"ty":4,"nm":"形状图层 3","sr":1,"ks":{"o":{"a":0,"k":100,"ix":11},"r":{"a":0,"k":0,"ix":10},"p":{"a":0,"k":[65.496,75.999,0],"ix":2},"a":{"a":0,"k":[-20.004,4.499,0],"ix":1},"s":{"a":0,"k":[100,100,100],"ix":6}},"ao":0,"shapes":[{"ty":"gr","it":[{"ind":0,"ty":"sh","ix":1,"ks":{"a":1,"k":[{"i":{"x":0.667,"y":1},"o":{"x":0.333,"y":0},"t":0,"s":[{"i":[[0.552,0],[0,0],[0,-0.552],[0,0],[-0.552,0],[0,0],[0,0.552],[0,0]],"o":[[0,0],[-0.552,0],[0,0],[0,0.552],[0,0],[0.552,0],[0,0],[0,-0.552]],"v":[[1.5,-1.508],[-1.501,-1.507],[-2.501,-0.507],[-2.495,1.486],[-1.495,2.486],[1.507,2.485],[2.507,1.485],[2.5,-0.508]],"c":true}]},{"i":{"x":0.667,"y":1},"o":{"x":0.333,"y":0},"t":11,"s":[{"i":[[0.552,0],[0,0],[0,-0.552],[0,0],[-0.552,0],[0,0],[0,0.552],[0,0]],"o":[[0,0],[-0.552,0],[0,0],[0,0.552],[0,0],[0.552,0],[0,0],[0,-0.552]],"v":[[1.5,-9.508],[-1.501,-9.507],[-2.501,-8.507],[-2.495,1.486],[-1.495,2.486],[1.507,2.485],[2.507,1.485],[2.5,-8.508]],"c":true}]},{"i":{"x":0.667,"y":1},"o":{"x":0.333,"y":0},"t":22,"s":[{"i":[[0.552,0],[0,0],[0,-0.552],[0,0],[-0.552,0],[0,0],[0,0.552],[0,0]],"o":[[0,0],[-0.552,0],[0,0],[0,0.552],[0,0],[0.552,0],[0,0],[0,-0.552]],"v":[[1.5,-1.492],[-1.501,-1.491],[-2.501,-0.491],[-2.495,1.486],[-1.495,2.486],[1.507,2.485],[2.507,1.485],[2.5,-0.492]],"c":true}]},{"i":{"x":0.667,"y":1},"o":{"x":0.333,"y":0},"t":33,"s":[{"i":[[0.552,0],[0,0],[0,-0.552],[0,0],[-0.552,0],[0,0],[0,0.552],[0,0]],"o":[[0,0],[-0.552,0],[0,0],[0,0.552],[0,0],[0.552,0],[0,0],[0,-0.552]],"v":[[1.5,-19.508],[-1.501,-19.507],[-2.501,-18.507],[-2.495,1.486],[-1.495,2.486],[1.507,2.485],[2.507,1.485],[2.5,-18.508]],"c":true}]},{"i":{"x":0.667,"y":1},"o":{"x":0.333,"y":0},"t":44,"s":[{"i":[[0.552,0],[0,0],[0,-0.552],[0,0],[-0.552,0],[0,0],[0,0.552],[0,0]],"o":[[0,0],[-0.552,0],[0,0],[0,0.552],[0,0],[0.552,0],[0,0],[0,-0.552]],"v":[[1.5,-11.508],[-1.501,-11.507],[-2.501,-10.507],[-2.495,1.486],[-1.495,2.486],[1.507,2.485],[2.507,1.485],[2.5,-10.508]],"c":true}]},{"i":{"x":0.667,"y":1},"o":{"x":0.333,"y":0},"t":55,"s":[{"i":[[0.552,0],[0,0],[0,-0.552],[0,0],[-0.552,0],[0,0],[0,0.552],[0,0]],"o":[[0,0],[-0.552,0],[0,0],[0,0.552],[0,0],[0.552,0],[0,0],[0,-0.552]],"v":[[1.5,-14.508],[-1.501,-14.507],[-2.501,-13.507],[-2.495,1.486],[-1.495,2.486],[1.507,2.485],[2.507,1.485],[2.5,-13.508]],"c":true}]},{"t":66,"s":[{"i":[[0.552,0],[0,0],[0,-0.552],[0,0],[-0.552,0],[0,0],[0,0.552],[0,0]],"o":[[0,0],[-0.552,0],[0,0],[0,0.552],[0,0],[0.552,0],[0,0],[0,-0.552]],"v":[[1.5,-1.508],[-1.501,-1.507],[-2.501,-0.507],[-2.495,1.486],[-1.495,2.486],[1.507,2.485],[2.507,1.485],[2.5,-0.508]],"c":true}]}],"ix":2},"nm":"路径 1","mn":"ADBE Vector Shape - Group","hd":false},{"ty":"fl","c":{"a":0,"k":[1,1,1,1],"ix":4},"o":{"a":0,"k":100,"ix":5},"r":1,"bm":0,"nm":"填充 1","mn":"ADBE Vector Graphic - Fill","hd":false},{"ty":"tr","p":{"a":0,"k":[-20.01,2.012],"ix":2},"a":{"a":0,"k":[0,0],"ix":1},"s":{"a":0,"k":[100,100],"ix":3},"r":{"a":0,"k":0,"ix":6},"o":{"a":0,"k":100,"ix":7},"sk":{"a":0,"k":0,"ix":4},"sa":{"a":0,"k":0,"ix":5},"nm":"变换"}],"nm":"矩形 1","np":3,"cix":2,"bm":0,"ix":1,"mn":"ADBE Vector Group","hd":false}],"ip":0,"op":66,"st":0,"bm":0},{"ddd":0,"ind":4,"ty":4,"nm":"形状图层 2","sr":1,"ks":{"o":{"a":0,"k":100,"ix":11},"r":{"a":0,"k":0,"ix":10},"p":{"a":0,"k":[55.496,75.999,0],"ix":2},"a":{"a":0,"k":[-20.004,4.499,0],"ix":1},"s":{"a":0,"k":[100,100,100],"ix":6}},"ao":0,"shapes":[{"ty":"gr","it":[{"ind":0,"ty":"sh","ix":1,"ks":{"a":1,"k":[{"i":{"x":0.667,"y":1},"o":{"x":0.333,"y":0},"t":0,"s":[{"i":[[0.552,0],[0,0],[0,-0.552],[0,0],[-0.552,0],[0,0],[0,0.552],[0,0]],"o":[[0,0],[-0.552,0],[0,0],[0,0.552],[0,0],[0.552,0],[0,0],[0,-0.552]],"v":[[1.5,-15.492],[-1.501,-15.491],[-2.501,-14.491],[-2.495,1.486],[-1.495,2.486],[1.507,2.485],[2.507,1.485],[2.5,-14.492]],"c":true}]},{"i":{"x":0.667,"y":1},"o":{"x":0.333,"y":0},"t":11,"s":[{"i":[[0.552,0],[0,0],[0,-0.552],[0,0],[-0.552,0],[0,0],[0,0.552],[0,0]],"o":[[0,0],[-0.552,0],[0,0],[0,0.552],[0,0],[0.552,0],[0,0],[0,-0.552]],"v":[[1.5,-6.492],[-1.501,-6.491],[-2.501,-5.491],[-2.495,1.486],[-1.495,2.486],[1.507,2.485],[2.507,1.485],[2.5,-5.492]],"c":true}]},{"i":{"x":0.667,"y":1},"o":{"x":0.333,"y":0},"t":22,"s":[{"i":[[0.552,0],[0,0],[0,-0.552],[0,0],[-0.552,0],[0,0],[0,0.552],[0,0]],"o":[[0,0],[-0.552,0],[0,0],[0,0.552],[0,0],[0.552,0],[0,0],[0,-0.552]],"v":[[1.5,-21.492],[-1.501,-21.491],[-2.501,-20.491],[-2.495,1.486],[-1.495,2.486],[1.507,2.485],[2.507,1.485],[2.5,-20.492]],"c":true}]},{"i":{"x":0.667,"y":1},"o":{"x":0.333,"y":0},"t":33,"s":[{"i":[[0.552,0],[0,0],[0,-0.552],[0,0],[-0.552,0],[0,0],[0,0.552],[0,0]],"o":[[0,0],[-0.552,0],[0,0],[0,0.552],[0,0],[0.552,0],[0,0],[0,-0.552]],"v":[[1.5,-9.508],[-1.501,-9.507],[-2.501,-8.507],[-2.495,1.486],[-1.495,2.486],[1.507,2.485],[2.507,1.485],[2.5,-8.508]],"c":true}]},{"i":{"x":0.667,"y":1},"o":{"x":0.333,"y":0},"t":44,"s":[{"i":[[0.552,0],[0,0],[0,-0.552],[0,0],[-0.552,0],[0,0],[0,0.552],[0,0]],"o":[[0,0],[-0.552,0],[0,0],[0,0.552],[0,0],[0.552,0],[0,0],[0,-0.552]],"v":[[1.5,-19.477],[-1.501,-19.476],[-2.501,-18.476],[-2.495,1.486],[-1.495,2.486],[1.507,2.485],[2.507,1.485],[2.5,-18.477]],"c":true}]},{"i":{"x":0.667,"y":1},"o":{"x":0.333,"y":0},"t":55,"s":[{"i":[[0.552,0],[0,0],[0,-0.552],[0,0],[-0.552,0],[0,0],[0,0.552],[0,0]],"o":[[0,0],[-0.552,0],[0,0],[0,0.552],[0,0],[0.552,0],[0,0],[0,-0.552]],"v":[[1.5,-6.477],[-1.501,-6.476],[-2.501,-5.476],[-2.495,1.486],[-1.495,2.486],[1.507,2.485],[2.507,1.485],[2.5,-5.477]],"c":true}]},{"t":66,"s":[{"i":[[0.552,0],[0,0],[0,-0.552],[0,0],[-0.552,0],[0,0],[0,0.552],[0,0]],"o":[[0,0],[-0.552,0],[0,0],[0,0.552],[0,0],[0.552,0],[0,0],[0,-0.552]],"v":[[1.5,-15.508],[-1.501,-15.507],[-2.501,-14.507],[-2.495,1.486],[-1.495,2.486],[1.507,2.485],[2.507,1.485],[2.5,-14.508]],"c":true}]}],"ix":2},"nm":"路径 1","mn":"ADBE Vector Shape - Group","hd":false},{"ty":"fl","c":{"a":0,"k":[1,1,1,1],"ix":4},"o":{"a":0,"k":100,"ix":5},"r":1,"bm":0,"nm":"填充 1","mn":"ADBE Vector Graphic - Fill","hd":false},{"ty":"tr","p":{"a":0,"k":[-20.01,2.012],"ix":2},"a":{"a":0,"k":[0,0],"ix":1},"s":{"a":0,"k":[100,100],"ix":3},"r":{"a":0,"k":0,"ix":6},"o":{"a":0,"k":100,"ix":7},"sk":{"a":0,"k":0,"ix":4},"sa":{"a":0,"k":0,"ix":5},"nm":"变换"}],"nm":"矩形 1","np":3,"cix":2,"bm":0,"ix":1,"mn":"ADBE Vector Group","hd":false}],"ip":0,"op":66,"st":0,"bm":0},{"ddd":0,"ind":5,"ty":4,"nm":"形状图层 1","sr":1,"ks":{"o":{"a":0,"k":100,"ix":11},"r":{"a":0,"k":0,"ix":10},"p":{"a":0,"k":[45.496,75.999,0],"ix":2},"a":{"a":0,"k":[-20.004,4.499,0],"ix":1},"s":{"a":0,"k":[100,100,100],"ix":6}},"ao":0,"shapes":[{"ty":"gr","it":[{"ind":0,"ty":"sh","ix":1,"ks":{"a":1,"k":[{"i":{"x":0.667,"y":1},"o":{"x":0.333,"y":0},"t":0,"s":[{"i":[[0.552,0],[0,0],[0,-0.552],[0,0],[-0.552,0],[0,0],[0,0.552],[0,0]],"o":[[0,0],[-0.552,0],[0,0],[0,0.552],[0,0],[0.552,0],[0,0],[0,-0.552]],"v":[[1.508,-2.508],[-1.493,-2.507],[-2.493,-1.507],[-2.495,1.486],[-1.495,2.486],[1.507,2.485],[2.507,1.485],[2.508,-1.508]],"c":true}]},{"i":{"x":0.667,"y":1},"o":{"x":0.333,"y":0},"t":11,"s":[{"i":[[0.552,0],[0,0],[0,-0.552],[0,0],[-0.552,0],[0,0],[0,0.552],[0,0]],"o":[[0,0],[-0.552,0],[0,0],[0,0.552],[0,0],[0.552,0],[0,0],[0,-0.552]],"v":[[1.516,-13.512],[-1.477,-13.509],[-2.477,-12.509],[-2.486,1.488],[-1.486,2.488],[1.507,2.485],[2.507,1.485],[2.516,-12.512]],"c":true}]},{"i":{"x":0.667,"y":1},"o":{"x":0.333,"y":0},"t":22,"s":[{"i":[[0.552,0],[0,0],[0,-0.552],[0,0],[-0.552,0],[0,0],[0,0.552],[0,0]],"o":[[0,0],[-0.552,0],[0,0],[0,0.552],[0,0],[0.552,0],[0,0],[0,-0.552]],"v":[[1.5,-8.508],[-1.501,-8.507],[-2.501,-7.507],[-2.495,1.486],[-1.495,2.486],[1.507,2.485],[2.507,1.485],[2.5,-7.508]],"c":true}]},{"i":{"x":0.667,"y":1},"o":{"x":0.333,"y":0},"t":33,"s":[{"i":[[0.552,0],[0,0],[0,-0.552],[0,0],[-0.552,0],[0,0],[0,0.552],[0,0]],"o":[[0,0],[-0.552,0],[0,0],[0,0.552],[0,0],[0.552,0],[0,0],[0,-0.552]],"v":[[1.5,-19.539],[-1.501,-19.538],[-2.501,-18.538],[-2.495,1.486],[-1.495,2.486],[1.507,2.485],[2.507,1.485],[2.5,-18.539]],"c":true}]},{"i":{"x":0.667,"y":1},"o":{"x":0.333,"y":0},"t":44,"s":[{"i":[[0.552,0],[0,0],[0,-0.552],[0,0],[-0.552,0],[0,0],[0,0.552],[0,0]],"o":[[0,0],[-0.552,0],[0,0],[0,0.552],[0,0],[0.552,0],[0,0],[0,-0.552]],"v":[[1.5,-7.508],[-1.501,-7.507],[-2.501,-6.507],[-2.495,1.486],[-1.495,2.486],[1.507,2.485],[2.507,1.485],[2.5,-6.508]],"c":true}]},{"i":{"x":0.667,"y":1},"o":{"x":0.333,"y":0},"t":55,"s":[{"i":[[0.552,0],[0,0],[0,-0.552],[0,0],[-0.552,0],[0,0],[0,0.552],[0,0]],"o":[[0,0],[-0.552,0],[0,0],[0,0.552],[0,0],[0.552,0],[0,0],[0,-0.552]],"v":[[1.5,-9.508],[-1.501,-9.507],[-2.501,-8.507],[-2.495,1.486],[-1.495,2.486],[1.507,2.485],[2.507,1.485],[2.5,-8.508]],"c":true}]},{"t":66,"s":[{"i":[[0.552,0],[0,0],[0,-0.552],[0,0],[-0.552,0],[0,0],[0,0.552],[0,0]],"o":[[0,0],[-0.552,0],[0,0],[0,0.552],[0,0],[0.552,0],[0,0],[0,-0.552]],"v":[[1.499,-1.492],[-1.502,-1.491],[-2.502,-0.491],[-2.495,1.486],[-1.495,2.486],[1.507,2.485],[2.507,1.485],[2.499,-0.492]],"c":true}]}],"ix":2},"nm":"路径 1","mn":"ADBE Vector Shape - Group","hd":false},{"ty":"fl","c":{"a":0,"k":[1,1,1,1],"ix":4},"o":{"a":0,"k":100,"ix":5},"r":1,"bm":0,"nm":"填充 1","mn":"ADBE Vector Graphic - Fill","hd":false},{"ty":"tr","p":{"a":0,"k":[-20.01,2.012],"ix":2},"a":{"a":0,"k":[0,0],"ix":1},"s":{"a":0,"k":[100,100],"ix":3},"r":{"a":0,"k":0,"ix":6},"o":{"a":0,"k":100,"ix":7},"sk":{"a":0,"k":0,"ix":4},"sa":{"a":0,"k":0,"ix":5},"nm":"变换"}],"nm":"矩形 1","np":3,"cix":2,"bm":0,"ix":1,"mn":"ADBE Vector Group","hd":false}],"ip":0,"op":66,"st":0,"bm":0}],"markers":[]}