{
  "BRAND_NAMES": {
    "360": "QIHOO",
    "motorola": "MOTOROLA",
    "mot": "MOTOROLA",
    "FIH": "MOTOROLA",
    "Sony Ericsson": "SONYERICSSON",
    "Sony": "SONY",
    "samsung": "SAMSUNG",
    "HTC": "HTC",
    "HUN": "HTC",
    "LGE": "LG",
    "alps": "OPPO",
    "OPPO": "OPPO",
    "TCL": "TCL",
    "LENOVO": "LENOVO",
    "ZTE": "ZTE",
    "Meizu": "MEIZU",
    "Xiaomi": "XIAOMI",
    "HUAWEI": "HUAWEI",
    "TIANYU": "TIANYU",
    "sprd": "TIANYU",
    "K-Touch": "TIANYU",
    "YuLong": "COOLPAD",
    "CoolPad": "COOLPAD",
    "Amazon": "AMAZON",
    "Hisense": "HISENSE",
    "Acer": "ACER",
    "GIONEE": "JINLI",
    "Philips": "PHILIPS",
    "asus": "GOOGLE",
    "Google": "GOOGLE",
    "snda.com": "SHENGDA",
    "koobee": "KUBI",
    "AMOI": "XIAXIN",
    "Fason": "FANSHANG",
    "ainol": "AINUO",
    "Dell": "DELL",
    "dlkjl12389": "DPD",
    "haier": "HAIER",
    "sharp": "SHARP",
    "BBK": "BBK",
    "vivo": "VIVO",
    "nubia": "NUBIA",
    "KONKA": "KONKA",
    "LeMobile": "LESHI",
    "Letv": "LESHI",
    "Meitu": "MEITU",
    "OnePlus": "ONEPLUS",
    "CMDC": "CMDC",
    "DOOV": "DOOV",
    "SMARTISAN": "SMARTISAN",
    "onePlus": "ONEPLUS"
  }
}