[{"model":"noh-an00","pixel_x":1344,"pixel_y":2772,"ppi":455,"cam_x":1.088188,"cam_y":-0.64006,"camera_position":-1},{"model":"v1950a","pixel_x":1080,"pixel_y":2256,"ppi":363,"cam_x":4.230767,"cam_y":0.702892,"camera_position":0},{"model":"pdhm00","pixel_x":1080,"pixel_y":2400,"ppi":401,"cam_x":0.6219,"cam_y":-0.30404,"camera_position":-1},{"model":"pdem10","pixel_x":1440,"pixel_y":3168,"ppi":519,"cam_x":0.777021,"cam_y":-0.45387,"camera_position":-1},{"model":"redmi k30 pro zoom edition","pixel_x":1080,"pixel_y":2400,"ppi":395,"cam_x":1.891683,"cam_y":0.646269,"camera_position":-1},{"model":"m2007j3sc","pixel_x":1080,"pixel_y":2400,"ppi":395,"cam_x":0.624253,"cam_y":-0.46688,"camera_position":-1},{"model":"m2007j1sc","pixel_x":1080,"pixel_y":2340,"ppi":386,"cam_x":0.906721,"cam_y":-0.5207,"camera_position":-1},{"model":"redmi k30 pro","pixel_x":1080,"pixel_y":2400,"ppi":395,"cam_x":1.903392,"cam_y":0.645189,"camera_position":-1},{"model":"v1981a","pixel_x":1080,"pixel_y":2408,"ppi":402,"cam_x":6.22055,"cam_y":-0.41627,"camera_position":1},{"model":"v1955a","pixel_x":1080,"pixel_y":2400,"ppi":409,"cam_x":6.044414,"cam_y":-0.40557,"camera_position":1},{"model":"v2024a","pixel_x":1080,"pixel_y":2376,"ppi":398,"cam_x":1.0096,"cam_y":-0.55103,"camera_position":-1},{"model":"in2010","pixel_x":1080,"pixel_y":2400,"ppi":402,"cam_x":0.637746,"cam_y":-0.44789,"camera_position":-1},{"model":"in2020","pixel_x":1440,"pixel_y":3168,"ppi":513,"cam_x":0.767827,"cam_y":-0.43815,"camera_position":-1},{"model":"kb2000","pixel_x":1080,"pixel_y":2400,"ppi":402,"cam_x":0.692886,"cam_y":-0.52727,"camera_position":-1},{"model":"mi 10","pixel_x":1080,"pixel_y":2340,"ppi":386,"cam_x":1.209657,"cam_y":-0.50987,"camera_position":-1},{"model":"mi 10 pro","pixel_x":1080,"pixel_y":2340,"ppi":386,"cam_x":1.209657,"cam_y":-0.48679,"camera_position":-1},{"model":"nx659j","pixel_x":1080,"pixel_y":2340,"ppi":388,"cam_x":1.537977,"cam_y":0.20068,"camera_position":-1},{"model":"shark kle-a0","pixel_x":1080,"pixel_y":2400,"ppi":395,"cam_x":4.834133,"cam_y":0.229999,"camera_position":0},{"model":"pclm10","pixel_x":1080,"pixel_y":2400,"ppi":405,"cam_x":3.407192,"cam_y":-0.1654,"camera_position":0},{"model":"asus_i001da","pixel_x":1080,"pixel_y":2340,"ppi":391,"cam_x":5.809308,"cam_y":0.313885,"camera_position":1},{"model":"redmi k20 pro premium edition","pixel_x":1080,"pixel_y":2340,"ppi":403,"cam_x":1.973443,"cam_y":0.604914,"camera_position":-1},{"model":"v1924a","pixel_x":1080,"pixel_y":2256,"ppi":363,"cam_x":4.240957,"cam_y":0.626065,"camera_position":0},{"model":"v1922a","pixel_x":1080,"pixel_y":2340,"ppi":402,"cam_x":3.375771,"cam_y":-0.26793,"camera_position":0},{"model":"v1916a","pixel_x":1080,"pixel_y":2340,"ppi":402,"cam_x":3.375771,"cam_y":-0.26793,"camera_position":0},{"model":"mi9 pro 5g","pixel_x":1080,"pixel_y":2340,"ppi":403,"cam_x":3.413882,"cam_y":-0.12411,"camera_position":0},{"model":"tas-an00","pixel_x":1080,"pixel_y":2340,"ppi":389,"cam_x":3.159766,"cam_y":0.210168,"camera_position":0},{"model":"lio-an00","pixel_x":1176,"pixel_y":2400,"ppi":409,"cam_x":4.627819,"cam_y":-0.37777,"camera_position":0},{"model":"wlz-an00","pixel_x":1080,"pixel_y":2400,"ppi":401,"cam_x":1.389228,"cam_y":-0.53154,"camera_position":-1},{"model":"tas-al00","pixel_x":1080,"pixel_y":2340,"ppi":389,"cam_x":3.148182,"cam_y":-0.21046,"camera_position":0},{"model":"lio-al00","pixel_x":1176,"pixel_y":2400,"ppi":409,"cam_x":4.634374,"cam_y":-0.16379,"camera_position":0},{"model":"v2025a","pixel_x":1080,"pixel_y":2376,"ppi":398,"cam_x":0.933561,"cam_y":-0.45141,"camera_position":-1},{"model":"ana-an00","pixel_x":1080,"pixel_y":2340,"ppi":422,"cam_x":1.442413,"cam_y":-0.44681,"camera_position":-1},{"model":"els-an00","pixel_x":1200,"pixel_y":2640,"ppi":441,"cam_x":2.001259,"cam_y":-0.57456,"camera_position":-1},{"model":"wlz-al10","pixel_x":1080,"pixel_y":2400,"ppi":401,"cam_x":1.402172,"cam_y":-0.50956,"camera_position":-1},{"model":"oxf-an00","pixel_x":1080,"pixel_y":2400,"ppi":401,"cam_x":1.426048,"cam_y":-0.51849,"camera_position":-1},{"model":"oxf-an10","pixel_x":1080,"pixel_y":2400,"ppi":401,"cam_x":1.426048,"cam_y":-0.51849,"camera_position":-1},{"model":"v1986a","pixel_x":1080,"pixel_y":2408,"ppi":401,"cam_x":6.262212,"cam_y":-0.41845,"camera_position":1},{"model":"nx629j","pixel_x":1080,"pixel_y":2340,"ppi":388,"cam_x":1.707406,"cam_y":0.266024,"camera_position":-1},{"model":"pccm00","pixel_x":1080,"pixel_y":2340,"ppi":390,"cam_x":5.216591,"cam_y":0.431117,"camera_position":1},{"model":"redmi k20 pro","pixel_x":1080,"pixel_y":2340,"ppi":403,"cam_x":1.910009,"cam_y":0.640336,"camera_position":-1},{"model":"v1824a","pixel_x":1080,"pixel_y":2340,"ppi":402,"cam_x":3.425216,"cam_y":-0.15984,"camera_position":0},{"model":"v1824ba","pixel_x":1080,"pixel_y":2340,"ppi":402,"cam_x":3.425216,"cam_y":-0.15984,"camera_position":0},{"model":"v1936a","pixel_x":1080,"pixel_y":2340,"ppi":404,"cam_x":3.39505,"cam_y":-0.09553,"camera_position":0},{"model":"v1936al","pixel_x":1080,"pixel_y":2340,"ppi":404,"cam_x":3.39505,"cam_y":-0.10527,"camera_position":0},{"model":"gm1900","pixel_x":1080,"pixel_y":2340,"ppi":402,"cam_x":3.425643,"cam_y":-0.13665,"camera_position":0},{"model":"gm1910","pixel_x":1440,"pixel_y":3120,"ppi":515,"cam_x":2.4038,"cam_y":0.645804,"camera_position":-1},{"model":"sm-g9730","pixel_x":1440,"pixel_y":3040,"ppi":551,"cam_x":5.952107,"cam_y":-0.4651,"camera_position":1},{"model":"sm-g9750","pixel_x":1440,"pixel_y":3040,"ppi":526,"cam_x":5.634101,"cam_y":-0.46402,"camera_position":1},{"model":"mi 9","pixel_x":1080,"pixel_y":2340,"ppi":403,"cam_x":3.430486,"cam_y":-0.1358,"camera_position":0},{"model":"mi 9 transparent edition","pixel_x":1080,"pixel_y":2340,"ppi":403,"cam_x":3.430486,"cam_y":-0.1358,"camera_position":0},{"model":"skw-a0","pixel_x":1080,"pixel_y":2340,"ppi":403,"cam_x":4.591989,"cam_y":0.324735,"camera_position":1},{"model":"m2006j10c","pixel_x":1080,"pixel_y":2400,"ppi":389,"cam_x":1.9769,"cam_y":0.678779,"camera_position":-1},{"model":"pdcm00","pixel_x":1080,"pixel_y":2400,"ppi":411,"cam_x":3.337226,"cam_y":-0.14207,"camera_position":0},{"model":"hlk-al10","pixel_x":1080,"pixel_y":2340,"ppi":391,"cam_x":1.905541,"cam_y":0.66722,"camera_position":-1},{"model":"jef-an00","pixel_x":1080,"pixel_y":2400,"ppi":403,"cam_x":0.651099,"cam_y":-0.41709,"camera_position":0},{"model":"jer-an20","pixel_x":1080,"pixel_y":2340,"ppi":400,"cam_x":3.5,"cam_y":-0.2,"camera_position":0},{"model":"jer-an10","pixel_x":1080,"pixel_y":2340,"ppi":392,"cam_x":1.072028,"cam_y":-0.53349,"camera_position":-1},{"model":"bmh-an10;bmh-an20","pixel_x":1080,"pixel_y":2400,"ppi":395,"cam_x":0.654221,"cam_y":-0.44661,"camera_position":-1},{"model":"lya-al00;lya-al10;lya-tl00","pixel_x":1440,"pixel_y":3120,"ppi":538,"cam_x":2.730327,"cam_y":-0.13715,"camera_position":0},{"model":"hma-al00;hma-tl00","pixel_x":1080,"pixel_y":2244,"ppi":381,"cam_x":3.6,"cam_y":-0.24933,"camera_position":0},{"model":"evr-al00","pixel_x":1080,"pixel_y":2244,"ppi":345,"cam_x":3.975652,"cam_y":-0.18289,"camera_position":0},{"model":"ele-al00;ele-tl00","pixel_x":1080,"pixel_y":2340,"ppi":422,"cam_x":3.250237,"cam_y":-0.15592,"camera_position":0},{"model":"vog-al00;vog-al10","pixel_x":1080,"pixel_y":2340,"ppi":389,"cam_x":3.525964,"cam_y":-0.13941,"camera_position":0},{"model":"sea-al10","pixel_x":1080,"pixel_y":2340,"ppi":403,"cam_x":3.403474,"cam_y":-0.17584,"camera_position":0},{"model":"sm-g9810","pixel_x":1440,"pixel_y":3200,"ppi":566,"cam_x":3.241224,"cam_y":-0.32225,"camera_position":0},{"model":"yal-al00;yal-al10","pixel_x":1080,"pixel_y":2340,"ppi":411,"cam_x":0.521442,"cam_y":-0.41917,"camera_position":-1},{"model":"tny-al00","pixel_x":1080,"pixel_y":2340,"ppi":403,"cam_x":4.211078,"cam_y":0.832107,"camera_position":0},{"model":"pct-al10","pixel_x":1080,"pixel_y":2310,"ppi":398,"cam_x":0.584107,"cam_y":-0.40951,"camera_position":-1},{"model":"v1821a","pixel_x":1080,"pixel_y":2340,"ppi":403,"cam_x":3.42,"cam_y":0.651143,"camera_position":0},{"model":"pafm00;pahm00;paft00","pixel_x":1080,"pixel_y":2340,"ppi":401,"cam_x":4.061783,"cam_y":0.421877,"camera_position":0},{"model":"vivo nex s","pixel_x":1080,"pixel_y":2316,"ppi":400,"cam_x":3.5,"cam_y":-0.2,"camera_position":-1},{"model":"v1914a","pixel_x":1080,"pixel_y":2340,"ppi":403,"cam_x":3.413634,"cam_y":-0.10199,"camera_position":0},{"model":"oneplus a6000","pixel_x":1080,"pixel_y":2280,"ppi":402,"cam_x":4.004748,"cam_y":-0.18605,"camera_position":0},{"model":"oneplus a6010","pixel_x":1080,"pixel_y":2340,"ppi":402,"cam_x":3.42532,"cam_y":-0.16129,"camera_position":0},{"model":"sm-g9650","pixel_x":1440,"pixel_y":2960,"ppi":531,"cam_x":4.761798,"cam_y":0.337118,"camera_position":0},{"model":"mix 3","pixel_x":1080,"pixel_y":2340,"ppi":403,"cam_x":2.422812,"cam_y":0.692877,"camera_position":0},{"model":"mi 8 ud","pixel_x":1080,"pixel_y":2248,"ppi":402,"cam_x":2.075705,"cam_y":-0.26158,"camera_position":0},{"model":"16th","pixel_x":1080,"pixel_y":2160,"ppi":402,"cam_x":5.215209,"cam_y":0.259463,"camera_position":0},{"model":"16th plus","pixel_x":1080,"pixel_y":2160,"ppi":374,"cam_x":5.584419,"cam_y":0.278888,"camera_position":0},{"model":"skr-a0","pixel_x":1080,"pixel_y":2280,"ppi":403,"cam_x":1.771671,"cam_y":0.432437,"camera_position":0},{"model":"cdy-an00;cdy-an20;cdy-tn00","pixel_x":1080,"pixel_y":2400,"ppi":405,"cam_x":0.526549,"cam_y":-0.43211,"camera_position":-1},{"model":"tel-an00a","pixel_x":1080,"pixel_y":2400,"ppi":397,"cam_x":1.924255,"cam_y":0.70195,"camera_position":-1},{"model":"cdy-an90","pixel_x":1080,"pixel_y":2400,"ppi":405,"cam_x":0.544709,"cam_y":-0.45323,"camera_position":-1},{"model":"oneplus a5010","pixel_x":1080,"pixel_y":2160,"ppi":402,"cam_x":1.692537,"cam_y":0.351329,"camera_position":0},{"model":"sm-g9550","pixel_x":1440,"pixel_y":2960,"ppi":531,"cam_x":5.49787,"cam_y":0.343058,"camera_position":0},{"model":"mi 6","pixel_x":1080,"pixel_y":1920,"ppi":428,"cam_x":1.466928,"cam_y":0.653777,"camera_position":0},{"model":"mix 2","pixel_x":1080,"pixel_y":2160,"ppi":403,"cam_x":6.272518,"cam_y":-14.0358,"camera_position":1},{"model":"pcrm00","pixel_x":1080,"pixel_y":2400,"ppi":402,"cam_x":0.674216,"cam_y":-0.45083,"camera_position":-1},{"model":"pdpm00;pdpt00","pixel_x":1080,"pixel_y":2400,"ppi":411,"cam_x":1.325747,"cam_y":-0.47539,"camera_position":-1},{"model":"pdnm00","pixel_x":1080,"pixel_y":2400,"ppi":405,"cam_x":0.65624,"cam_y":-0.47333,"camera_position":-1},{"model":"redmi_k30_5g","pixel_x":1080,"pixel_y":2400,"ppi":395,"cam_x":6.360346,"cam_y":-0.41431,"camera_position":1},{"model":"redmi k30i 5g","pixel_x":1080,"pixel_y":2400,"ppi":395,"cam_x":6.360346,"cam_y":-0.41431,"camera_position":1},{"model":"v2012a","pixel_x":1080,"pixel_y":2408,"ppi":402,"cam_x":6.221064,"cam_y":-0.3895,"camera_position":1},{"model":"v2020a;v2020ca","pixel_x":1080,"pixel_y":2400,"ppi":409,"cam_x":3.772738,"cam_y":-0.14128,"camera_position":0},{"model":"m2010j19sc","pixel_x":1080,"pixel_y":2340,"ppi":395,"cam_x":3.452217,"cam_y":-0.12217,"camera_position":0},{"model":"v2001a","pixel_x":1080,"pixel_y":2376,"ppi":398,"cam_x":0.868342,"cam_y":-0.43479,"camera_position":-1},{"model":"v2005a","pixel_x":1080,"pixel_y":2376,"ppi":398,"cam_x":0.858205,"cam_y":-0.43479,"camera_position":-1},{"model":"v1963a","pixel_x":1080,"pixel_y":2400,"ppi":401,"cam_x":6.188233,"cam_y":-0.50997,"camera_position":1},{"model":"m2002j9e","pixel_x":1080,"pixel_y":2400,"ppi":401,"cam_x":3.405642,"cam_y":-0.08925,"camera_position":0},{"model":"m2004j7ac","pixel_x":1080,"pixel_y":2400,"ppi":401,"cam_x":3.408447,"cam_y":-0.12046,"camera_position":0},{"model":"pclm50","pixel_x":1080,"pixel_y":2400,"ppi":411,"cam_x":3.337226,"cam_y":-0.13508,"camera_position":0},{"model":"sea-al00","pixel_x":1080,"pixel_y":2340,"ppi":403,"cam_x":3.403474,"cam_y":-0.16479,"camera_position":0},{"model":"spn-al00","pixel_x":1080,"pixel_y":2340,"ppi":412,"cam_x":0.489178,"cam_y":-0.46273,"camera_position":-1},{"model":"jny-al10","pixel_x":1080,"pixel_y":2310,"ppi":398,"cam_x":0.585999,"cam_y":-0.41961,"camera_position":-1},{"model":"aqm-al10","pixel_x":1080,"pixel_y":2400,"ppi":418,"cam_x":3.28134,"cam_y":-0.1846,"camera_position":0},{"model":"yal-al50","pixel_x":1080,"pixel_y":2340,"ppi":412,"cam_x":0.518152,"cam_y":-0.41815,"camera_position":-1},{"model":"hlk-al00","pixel_x":1080,"pixel_y":2340,"ppi":391,"cam_x":1.905541,"cam_y":0.66722,"camera_position":-1},{"model":"redmi note 8 pro","pixel_x":1080,"pixel_y":2340,"ppi":395,"cam_x":3.500636,"cam_y":-0.11229,"camera_position":0},{"model":"v1962a","pixel_x":1080,"pixel_y":2400,"ppi":409,"cam_x":3.365149,"cam_y":-0.18719,"camera_position":0},{"model":"v1938ct","pixel_x":1080,"pixel_y":2400,"ppi":409,"cam_x":6.085458,"cam_y":-0.39396,"camera_position":1},{"model":"v1938t","pixel_x":1080,"pixel_y":2400,"ppi":409,"cam_x":6.105765,"cam_y":-0.39529,"camera_position":1},{"model":"pcnm00","pixel_x":1080,"pixel_y":2340,"ppi":403,"cam_x":3.403474,"cam_y":-0.18771,"camera_position":0},{"model":"pckm00","pixel_x":1080,"pixel_y":2400,"ppi":405,"cam_x":4.987894,"cam_y":0.483708,"camera_position":0},{"model":"rmx1991","pixel_x":1080,"pixel_y":2340,"ppi":403,"cam_x":3.403474,"cam_y":-0.18378,"camera_position":0},{"model":"v2002a","pixel_x":1080,"pixel_y":2340,"ppi":395,"cam_x":0.568858,"cam_y":-0.40603,"camera_position":-1},{"model":"redmi k20","pixel_x":1080,"pixel_y":2340,"ppi":403,"cam_x":1.992824,"cam_y":0.613569,"camera_position":-1},{"model":"redmi k30","pixel_x":1080,"pixel_y":2400,"ppi":395,"cam_x":6.394726,"cam_y":-0.41431,"camera_position":1},{"model":"v1932a","pixel_x":1080,"pixel_y":2400,"ppi":409,"cam_x":6.105172,"cam_y":-0.43327,"camera_position":1},{"model":"v1921a","pixel_x":1080,"pixel_y":2340,"ppi":404,"cam_x":3.408363,"cam_y":-0.16108,"camera_position":0},{"model":"mi 9 se","pixel_x":1080,"pixel_y":2340,"ppi":432,"cam_x":3.187354,"cam_y":-0.14901,"camera_position":0},{"model":"pdkm00","pixel_x":1080,"pixel_y":2400,"ppi":401,"cam_x":1.400866,"cam_y":-0.49649,"camera_position":-1},{"model":"m2007j17c","pixel_x":1080,"pixel_y":2400,"ppi":395,"cam_x":3.472405,"cam_y":-0.34248,"camera_position":0},{"model":"dvc-an20;dvc-tn20","pixel_x":1080,"pixel_y":2400,"ppi":405,"cam_x":3.400956,"cam_y":-0.2298,"camera_position":0},{"model":"mxw-an00","pixel_x":1080,"pixel_y":2400,"ppi":405,"cam_x":3.386667,"cam_y":-0.22135,"camera_position":0},{"model":"kkg-an00","pixel_x":1080,"pixel_y":2280,"ppi":356,"cam_x":3.852809,"cam_y":-0.05937,"camera_position":0},{"model":"pcgm00","pixel_x":1080,"pixel_y":2340,"ppi":396,"cam_x":3.498158,"cam_y":0.669636,"camera_position":0},{"model":"pbdm00","pixel_x":1080,"pixel_y":2340,"ppi":403,"cam_x":3.403474,"cam_y":-0.18568,"camera_position":0},{"model":"pcam00;pcat00","pixel_x":1080,"pixel_y":2340,"ppi":403,"cam_x":5.073103,"cam_y":0.389825,"camera_position":0},{"model":"v1911a","pixel_x":1080,"pixel_y":2340,"ppi":395,"cam_x":0.592193,"cam_y":-0.43536,"camera_position":-1},{"model":"rmx1901","pixel_x":1080,"pixel_y":2340,"ppi":395,"cam_x":3.484675,"cam_y":0.641351,"camera_position":0},{"model":"vivo nex a;vivo nex","pixel_x":1080,"pixel_y":2316,"ppi":388,"cam_x":3.5,"cam_y":-0.2,"camera_position":-1},{"model":"v1836a","pixel_x":1080,"pixel_y":2460,"ppi":401,"cam_x":4.062868,"cam_y":0.672234,"camera_position":0},{"model":"v1813ba","pixel_x":1080,"pixel_y":2280,"ppi":400,"cam_x":3.442239,"cam_y":-0.20794,"camera_position":0},{"model":"mi cc 9","pixel_x":1080,"pixel_y":2340,"ppi":403,"cam_x":3.403474,"cam_y":-0.14073,"camera_position":0},{"model":"pcdm10;pcdt10","pixel_x":1080,"pixel_y":2340,"ppi":403,"cam_x":3.403474,"cam_y":-0.17001,"camera_position":0},{"model":"pckm80","pixel_x":1080,"pixel_y":2340,"ppi":396,"cam_x":3.463636,"cam_y":0.634634,"camera_position":0},{"model":"v1832a","pixel_x":1080,"pixel_y":2340,"ppi":403,"cam_x":5.445558,"cam_y":0.697773,"camera_position":1},{"model":"v1838a;v1829a;v1829t","pixel_x":1080,"pixel_y":2340,"ppi":403,"cam_x":5.263758,"cam_y":0.574612,"camera_position":1},{"model":"redmi note 7 pro","pixel_x":1080,"pixel_y":2340,"ppi":409,"cam_x":3.353545,"cam_y":-0.16207,"camera_position":0},{"model":"pbem00;pbet00","pixel_x":1080,"pixel_y":2340,"ppi":403,"cam_x":3.431144,"cam_y":-0.2222,"camera_position":0},{"model":"v1809a;v1816t;v1809t","pixel_x":1080,"pixel_y":2340,"ppi":402,"cam_x":3.42532,"cam_y":-0.29624,"camera_position":0},{"model":"v1813bt","pixel_x":1080,"pixel_y":2280,"ppi":400,"cam_x":3.442239,"cam_y":-0.20794,"camera_position":0},{"model":"nop-an00","pixel_x":1344,"pixel_y":2772,"ppi":455,"cam_x":1.065734,"cam_y":-0.47152,"camera_position":-1},{"model":"rmx2142","pixel_x":1080,"pixel_y":2400,"ppi":399,"cam_x":1.106,"cam_y":-0.47142,"camera_position":-1},{"model":"sm-n9860","pixel_x":1440,"pixel_y":3088,"ppi":494,"cam_x":3.711444,"cam_y":-0.32364,"camera_position":0},{"model":"rmx2071","pixel_x":1080,"pixel_y":2400,"ppi":409,"cam_x":1.38516,"cam_y":-0.4749,"camera_position":-1},{"model":"rmx2072","pixel_x":1080,"pixel_y":2400,"ppi":409,"cam_x":1.226907,"cam_y":-0.4498,"camera_position":-1},{"model":"v2011a","pixel_x":1080,"pixel_y":2376,"ppi":398,"cam_x":0.86407,"cam_y":-0.44778,"camera_position":-1},{"model":"sm-g9880","pixel_x":1440,"pixel_y":3200,"ppi":509,"cam_x":3.603848,"cam_y":-0.40144,"camera_position":0},{"model":"sm-g9860","pixel_x":1440,"pixel_y":3200,"ppi":509,"cam_x":3.592927,"cam_y":-0.31399,"camera_position":0},{"model":"meizu 17","pixel_x":1080,"pixel_y":2340,"ppi":390,"cam_x":6.407268,"cam_y":-0.38454,"camera_position":1},{"model":"meizu 17 pro","pixel_x":1080,"pixel_y":2340,"ppi":390,"cam_x":6.407268,"cam_y":-0.38454,"camera_position":1},{"model":"shark mbu-a0","pixel_x":1440,"pixel_y":3120,"ppi":484,"cam_x":5.383763,"cam_y":0.343158,"camera_position":0},{"model":"rmx1931","pixel_x":1080,"pixel_y":2400,"ppi":405,"cam_x":3.407444,"cam_y":-0.14613,"camera_position":0},{"model":"hd1900","pixel_x":1080,"pixel_y":2400,"ppi":402,"cam_x":3.41194,"cam_y":-0.11191,"camera_position":0},{"model":"16s pro","pixel_x":1080,"pixel_y":2232,"ppi":400,"cam_x":5.230226,"cam_y":0.211936,"camera_position":0},{"model":"dlt-a0","pixel_x":1080,"pixel_y":2340,"ppi":405,"cam_x":4.55168,"cam_y":0.295661,"camera_position":0},{"model":"lio-an00m","pixel_x":1176,"pixel_y":2400,"ppi":409,"cam_x":4.594549,"cam_y":-0.17092,"camera_position":0},{"model":"lio-an00p","pixel_x":1176,"pixel_y":2400,"ppi":407,"cam_x":4.673697,"cam_y":-0.1413,"camera_position":0},{"model":"oxp-an00","pixel_x":1080,"pixel_y":2400,"ppi":401,"cam_x":1.390426,"cam_y":-0.49934,"camera_position":-1},{"model":"rmx2111","pixel_x":1080,"pixel_y":2400,"ppi":402,"cam_x":0.574906,"cam_y":-0.44528,"camera_position":-1},{"model":"sm-n9760","pixel_x":1440,"pixel_y":3040,"ppi":495,"cam_x":3.694545,"cam_y":-0.36207,"camera_position":0},{"model":"dt1901a","pixel_x":1080,"pixel_y":2340,"ppi":403,"cam_x":3.4186,"cam_y":-0.1508,"camera_position":0},{"model":"16s","pixel_x":1080,"pixel_y":2232,"ppi":400,"cam_x":5.236535,"cam_y":0.237983,"camera_position":0},{"model":"evr-an00","pixel_x":1080,"pixel_y":2244,"ppi":346,"cam_x":3.964162,"cam_y":-0.18406,"camera_position":0},{"model":"lya-al00p","pixel_x":1080,"pixel_y":2244,"ppi":390,"cam_x":2.824402,"cam_y":0.109065,"camera_position":0},{"model":"sm-n9600","pixel_x":1440,"pixel_y":2960,"ppi":514,"cam_x":4.897291,"cam_y":0.308828,"camera_position":0},{"model":"sm-g9600","pixel_x":1440,"pixel_y":2960,"ppi":568,"cam_x":4.479608,"cam_y":0.30664,"camera_position":0},{"model":"mi+8","pixel_x":1080,"pixel_y":2248,"ppi":402,"cam_x":2.095051,"cam_y":-0.24125,"camera_position":0},{"model":"nx609j","pixel_x":1080,"pixel_y":2160,"ppi":402,"cam_x":1.780143,"cam_y":-0.24037,"camera_position":0},{"model":"awm-a0","pixel_x":1080,"pixel_y":2160,"ppi":402,"cam_x":2.105807,"cam_y":0.504489,"camera_position":0},{"model":"oneplus a5000","pixel_x":1080,"pixel_y":1920,"ppi":401,"cam_x":1.689619,"cam_y":0.657384,"camera_position":0},{"model":"sm-n9500","pixel_x":1440,"pixel_y":2960,"ppi":523,"cam_x":4.873298,"cam_y":0.349075,"camera_position":0},{"model":"nx563j","pixel_x":1080,"pixel_y":1920,"ppi":401,"cam_x":1.314408,"cam_y":0.459384,"camera_position":0},{"model":"redmi k30 5g speed","pixel_x":1080,"pixel_y":2400,"ppi":395,"cam_x":6.360346,"cam_y":-0.41431,"camera_position":1},{"model":"rmx2051","pixel_x":1080,"pixel_y":2400,"ppi":401,"cam_x":1.362257,"cam_y":-0.4445,"camera_position":-1},{"model":"m2002j9e","pixel_x":1080,"pixel_y":2400,"ppi":401,"cam_x":3.405642,"cam_y":-0.08925,"camera_position":0},{"model":"m2004j7bc","pixel_x":1080,"pixel_y":2400,"ppi":401,"cam_x":3.420449,"cam_y":-0.09576,"camera_position":0},{"model":"mi cc9 pro","pixel_x":1080,"pixel_y":2340,"ppi":398,"cam_x":3.446231,"cam_y":-0.14527,"camera_position":0},{"model":"v2023a","pixel_x":1080,"pixel_y":2340,"ppi":395,"cam_x":0.687119,"cam_y":-0.41866,"camera_position":-1},{"model":"rmx1971","pixel_x":1080,"pixel_y":2340,"ppi":403,"cam_x":0.643566,"cam_y":-0.45938,"camera_position":-1},{"model":"v1990a","pixel_x":1080,"pixel_y":2340,"ppi":395,"cam_x":0.594497,"cam_y":-0.43536,"camera_position":-1},{"model":"cnd-an00","pixel_x":1080,"pixel_y":2400,"ppi":405,"cam_x":0.526549,"cam_y":-0.45539,"camera_position":-1},{"model":"dvc-an00","pixel_x":1080,"pixel_y":2400,"ppi":405,"cam_x":3.398893,"cam_y":-0.2192,"camera_position":0},{"model":"rmx2117","pixel_x":1080,"pixel_y":2400,"ppi":405,"cam_x":0.638068,"cam_y":-0.4673,"camera_position":-1},{"model":"rmx2173","pixel_x":1080,"pixel_y":2400,"ppi":411,"cam_x":0.631039,"cam_y":-0.43767,"camera_position":-1},{"model":"tnn-an00","pixel_x":1080,"pixel_y":2400,"ppi":387,"cam_x":0.531628,"cam_y":-0.40585,"camera_position":-1},{"model":"tnnh-an00","pixel_x":1080,"pixel_y":2400,"ppi":386,"cam_x":0.58169,"cam_y":-0.40429,"camera_position":-1},{"model":"1809-a01","pixel_x":1080,"pixel_y":2160,"ppi":403,"cam_x":1.509812,"cam_y":0.335827,"camera_position":0},{"model":"rmx1851","pixel_x":1080,"pixel_y":2340,"ppi":409,"cam_x":3.367233,"cam_y":-0.13607,"camera_position":0},{"model":"sm-g8870","pixel_x":1080,"pixel_y":2340,"ppi":403,"cam_x":0.521605,"cam_y":-0.5511,"camera_position":-1},{"model":"mi cc 9 meitu edition","pixel_x":1080,"pixel_y":2340,"ppi":403,"cam_x":3.403474,"cam_y":-0.13809,"camera_position":0},{"model":"oe106","pixel_x":1080,"pixel_y":2160,"ppi":402,"cam_x":3.425754,"cam_y":0.44383,"camera_position":0},{"model":"m1852","pixel_x":1080,"pixel_y":2220,"ppi":398,"cam_x":4.513887,"cam_y":-0.05346,"camera_position":0},{"model":"16 x","pixel_x":1080,"pixel_y":2160,"ppi":402,"cam_x":4.889141,"cam_y":0.260951,"camera_position":0},{"model":"sm-a6060","pixel_x":1080,"pixel_y":2340,"ppi":430,"cam_x":0.461498,"cam_y":-0.50505,"camera_position":-1},{"model":"meizu 16xs","pixel_x":1080,"pixel_y":2232,"ppi":400,"cam_x":4.749484,"cam_y":0.191818,"camera_position":0},{"model":"pdym20;pdyt20","pixel_x":1080,"pixel_y":2400,"ppi":405,"cam_x":0.639441,"cam_y":-0.44966,"camera_position":-1},{"model":"peam00","pixel_x":1080,"pixel_y":2400,"ppi":409,"cam_x":0.625237,"cam_y":-0.47983,"camera_position":-1},{"model":"v2031a","pixel_x":1080,"pixel_y":2400,"ppi":409,"cam_x":3.376052,"cam_y":-0.11223,"camera_position":0},{"model":"wkg-an00","pixel_x":720,"pixel_y":1600,"ppi":266,"cam_x":3.437594,"cam_y":-0.14505,"camera_position":0},{"model":"frl-an00a","pixel_x":1080,"pixel_y":2400,"ppi":400,"cam_x":3.5,"cam_y":-0.2,"camera_position":0},{"model":"m2003j15sc","pixel_x":1080,"pixel_y":2340,"ppi":395,"cam_x":0.581156,"cam_y":-0.40589,"camera_position":-1},{"model":"m2004j19c","pixel_x":1080,"pixel_y":2340,"ppi":395,"cam_x":3.472405,"cam_y":-0.14276,"camera_position":0},{"model":"v1831a;v1831t;v1838t","pixel_x":1080,"pixel_y":2340,"ppi":395,"cam_x":5.547248,"cam_y":0.752354,"camera_position":1},{"model":"pcam10;pcat10","pixel_x":1080,"pixel_y":2340,"ppi":395,"cam_x":3.48613,"cam_y":-0.21927,"camera_position":0},{"model":"pcpm00","pixel_x":1080,"pixel_y":2400,"ppi":411,"cam_x":3.350522,"cam_y":-0.18946,"camera_position":0},{"model":"pcem00;pcet00","pixel_x":1080,"pixel_y":2340,"ppi":395,"cam_x":3.472405,"cam_y":-0.26283,"camera_position":0},{"model":"v1934a","pixel_x":1080,"pixel_y":2340,"ppi":395,"cam_x":3.472405,"cam_y":-0.20734,"camera_position":0},{"model":"v1913a;v1913t","pixel_x":1080,"pixel_y":2340,"ppi":404,"cam_x":3.381192,"cam_y":-0.11145,"camera_position":0},{"model":"pbcm30","pixel_x":1080,"pixel_y":2340,"ppi":403,"cam_x":3.416821,"cam_y":-0.13359,"camera_position":0},{"model":"oppo r11;oppo r11t","pixel_x":1080,"pixel_y":1920,"ppi":401,"cam_x":1.765393,"cam_y":0.751403,"camera_position":0},{"model":"oppo r11 plus;oppo r11 plusk;oppo r11 pluskt","pixel_x":1080,"pixel_y":1920,"ppi":367,"cam_x":1.957649,"cam_y":0.819141,"camera_position":0},{"model":"oppo r11s;oppo r11st","pixel_x":1080,"pixel_y":2160,"ppi":402,"cam_x":1.727206,"cam_y":0.339778,"camera_position":0},{"model":"oppo r11s plus;oppo r11s plust","pixel_x":1080,"pixel_y":2160,"ppi":376,"cam_x":1.876049,"cam_y":0.389506,"camera_position":0},{"model":"pbcm10;pbct10","pixel_x":1080,"pixel_y":2340,"ppi":403,"cam_x":3.423613,"cam_y":-0.18084,"camera_position":0},{"model":"vivo x20a;vivo x20","pixel_x":1080,"pixel_y":2160,"ppi":402,"cam_x":1.773608,"cam_y":0.335851,"camera_position":0},{"model":"vivo x21a;vivo x21","pixel_x":1080,"pixel_y":2160,"ppi":385,"cam_x":4.221342,"cam_y":-0.15434,"camera_position":0},{"model":"vivo x21ud a;vivo x21ud","pixel_x":1080,"pixel_y":2160,"ppi":385,"cam_x":4.221342,"cam_y":-0.15434,"camera_position":0},{"model":"vivo z1","pixel_x":1080,"pixel_y":2280,"ppi":403,"cam_x":4.037581,"cam_y":-0.23345,"camera_position":0},{"model":"vivo x20plus a;vivo x20plus","pixel_x":1080,"pixel_y":2160,"ppi":376,"cam_x":1.919933,"cam_y":0.417752,"camera_position":0},{"model":"v1814a;v1814t","pixel_x":1080,"pixel_y":2340,"ppi":402,"cam_x":3.398868,"cam_y":-0.21122,"camera_position":0},{"model":"v1816a","pixel_x":1080,"pixel_y":2340,"ppi":402,"cam_x":3.425534,"cam_y":-0.18886,"camera_position":0},{"model":"ars-al00","pixel_x":1080,"pixel_y":2244,"ppi":350,"cam_x":3.918857,"cam_y":-0.33173,"camera_position":0},{"model":"mi 8 lite","pixel_x":1080,"pixel_y":2244,"ppi":423,"cam_x":2.09197,"cam_y":-0.15852,"camera_position":0},{"model":"mi note 3","pixel_x":1080,"pixel_y":1920,"ppi":401,"cam_x":1.530201,"cam_y":0.684518,"camera_position":0},{"model":"redmi note 7","pixel_x":1080,"pixel_y":2340,"ppi":409,"cam_x":3.394609,"cam_y":-0.16207,"camera_position":0},{"model":"pchm30","pixel_x":720,"pixel_y":1600,"ppi":270,"cam_x":3.386667,"cam_y":-0.07236,"camera_position":0},{"model":"pdam10","pixel_x":1080,"pixel_y":2400,"ppi":405,"cam_x":0.653977,"cam_y":-0.47037,"camera_position":-1},{"model":"pchm10","pixel_x":720,"pixel_y":1600,"ppi":270,"cam_x":3.401719,"cam_y":-0.09122,"camera_position":0},{"model":"redmi note 8","pixel_x":1080,"pixel_y":2340,"ppi":409,"cam_x":3.367122,"cam_y":-0.16207,"camera_position":0},{"model":"v1928a","pixel_x":720,"pixel_y":1544,"ppi":268,"cam_x":3.397783,"cam_y":-0.22732,"camera_position":0},{"model":"v1965a","pixel_x":1080,"pixel_y":2340,"ppi":395,"cam_x":0.596633,"cam_y":-0.43129,"camera_position":-1},{"model":"v1945a","pixel_x":1080,"pixel_y":2340,"ppi":404,"cam_x":3.406637,"cam_y":-0.11494,"camera_position":0},{"model":"mi cc 9e","pixel_x":720,"pixel_y":1560,"ppi":282,"cam_x":3.242553,"cam_y":-0.1085,"camera_position":0},{"model":"padm00;padt00","pixel_x":1080,"pixel_y":2280,"ppi":407,"cam_x":2.799295,"cam_y":-0.21807,"camera_position":0},{"model":"pbbm00;pbbt00","pixel_x":1080,"pixel_y":2340,"ppi":409,"cam_x":3.353545,"cam_y":-0.17063,"camera_position":0},{"model":"pacm00;pact00","pixel_x":1080,"pixel_y":2280,"ppi":402,"cam_x":2.840843,"cam_y":-0.20496,"camera_position":0},{"model":"paam00;paat00","pixel_x":1080,"pixel_y":2280,"ppi":402,"cam_x":2.838734,"cam_y":-0.21827,"camera_position":0},{"model":"vivo x21i a;vivo x21i","pixel_x":1080,"pixel_y":2280,"ppi":402,"cam_x":4.058141,"cam_y":-0.20728,"camera_position":0},{"model":"v1813a;v1813t","pixel_x":1080,"pixel_y":2280,"ppi":400,"cam_x":3.429,"cam_y":-0.13406,"camera_position":0},{"model":"bla-al00","pixel_x":1080,"pixel_y":2160,"ppi":403,"cam_x":4.845624,"cam_y":0.314607,"camera_position":0},{"model":"alp-al00;alp-tl00","pixel_x":1440,"pixel_y":2560,"ppi":498,"cam_x":5.294929,"cam_y":0.424849,"camera_position":0},{"model":"eml-al00","pixel_x":1080,"pixel_y":2244,"ppi":429,"cam_x":3.577822,"cam_y":-0.22907,"camera_position":0},{"model":"clt-al00;clt-al01","pixel_x":1080,"pixel_y":2240,"ppi":408,"cam_x":3.765176,"cam_y":-0.21372,"camera_position":0},{"model":"par-al00;par-tl00","pixel_x":1080,"pixel_y":2340,"ppi":409,"cam_x":4.364932,"cam_y":-0.18597,"camera_position":0},{"model":"vce-al00;vce-tl00","pixel_x":1080,"pixel_y":2310,"ppi":398,"cam_x":0.580974,"cam_y":-0.39772,"camera_position":-1},{"model":"col-al10;col-tl10","pixel_x":1080,"pixel_y":2280,"ppi":432,"cam_x":2.660474,"cam_y":-0.17739,"camera_position":0},{"model":"rvl-al09","pixel_x":1080,"pixel_y":2220,"ppi":355,"cam_x":4.886845,"cam_y":0.36868,"camera_position":0},{"model":"cor-al10;cor-al00;cor-tl10","pixel_x":1080,"pixel_y":2340,"ppi":409,"cam_x":2.425969,"cam_y":-0.21423,"camera_position":0},{"model":"bkl-al20;bkl-al00;bkl-tl10","pixel_x":1080,"pixel_y":2160,"ppi":403,"cam_x":1.67384,"cam_y":0.420182,"camera_position":0},{"model":"sne-al00","pixel_x":1080,"pixel_y":2340,"ppi":409,"cam_x":4.3542,"cam_y":-0.18908,"camera_position":0},{"model":"mar-al00;mar-tl00","pixel_x":1080,"pixel_y":2312,"ppi":415,"cam_x":3.30506,"cam_y":-0.16234,"camera_position":0},{"model":"glk-al00","pixel_x":1080,"pixel_y":2310,"ppi":398,"cam_x":0.616578,"cam_y":-0.44271,"camera_position":-1},{"model":"ine-al00;ine-tl00","pixel_x":1080,"pixel_y":2340,"ppi":409,"cam_x":4.346195,"cam_y":-0.18699,"camera_position":0},{"model":"art-al00m;art-al00x","pixel_x":720,"pixel_y":1560,"ppi":269,"cam_x":0.58273,"cam_y":-0.44301,"camera_position":-1},{"model":"stk-al00","pixel_x":1080,"pixel_y":2340,"ppi":391,"cam_x":1.910701,"cam_y":0.718159,"camera_position":-1},{"model":"aqm-al00","pixel_x":1080,"pixel_y":2400,"ppi":418,"cam_x":3.292935,"cam_y":-0.16308,"camera_position":0},{"model":"jkm-al00b;jkm-al00a;jkm-al00;jkm-tl00","pixel_x":1080,"pixel_y":2219,"ppi":380,"cam_x":4.165875,"cam_y":-0.16299,"camera_position":0},{"model":"pot-al00a;pot-al00;pot-tl00a","pixel_x":1080,"pixel_y":2340,"ppi":415,"cam_x":3.29157,"cam_y":-0.18987,"camera_position":0},{"model":"hry-al00a;hry-al00;hry-al00t;hry-tl00","pixel_x":1080,"pixel_y":2340,"ppi":415,"cam_x":3.30506,"cam_y":-0.15681,"camera_position":0},{"model":"hry-al00ta","pixel_x":1080,"pixel_y":2340,"ppi":415,"cam_x":3.318124,"cam_y":-0.13115,"camera_position":0},{"model":"lra-al00","pixel_x":1080,"pixel_y":2400,"ppi":418,"cam_x":3.28134,"cam_y":-0.13404,"camera_position":0},{"model":"jsn-al00a;jsn-al00;jsn-tl00","pixel_x":1080,"pixel_y":2340,"ppi":396,"cam_x":4.014991,"cam_y":-0.19936,"camera_position":0},{"model":"ask-al00x","pixel_x":720,"pixel_y":1560,"ppi":269,"cam_x":0.610804,"cam_y":-0.43008,"camera_position":-1},{"model":"aka-al10","pixel_x":720,"pixel_y":1560,"ppi":269,"cam_x":0.590149,"cam_y":-0.45508,"camera_position":-1},{"model":"oppo r9s plus;oppo r9s plust","pixel_x":1080,"pixel_y":1920,"ppi":367,"cam_x":2.41628,"cam_y":0.977422,"camera_position":0},{"model":"vivo x9plus;vivo x9plus l","pixel_x":1080,"pixel_y":1920,"ppi":375,"cam_x":2.42789,"cam_y":0.940497,"camera_position":0},{"model":"vivo x9s plus;vivo x9s plus l","pixel_x":1080,"pixel_y":1920,"ppi":377,"cam_x":1.358663,"cam_y":0.721999,"camera_position":0},{"model":"mha-al00","pixel_x":1080,"pixel_y":1920,"ppi":373,"cam_x":5.325617,"cam_y":0.535079,"camera_position":0},{"model":"lon-al00","pixel_x":1440,"pixel_y":2560,"ppi":534,"cam_x":4.910918,"cam_y":0.833148,"camera_position":0},{"model":"vtr-al00;vtr-tl00","pixel_x":1080,"pixel_y":1920,"ppi":432,"cam_x":1.630077,"cam_y":0.656897,"camera_position":0},{"model":"vky-al00","pixel_x":1440,"pixel_y":2560,"ppi":534,"cam_x":1.729202,"cam_y":0.873052,"camera_position":0},{"model":"hwi-al00;hwi-tl00","pixel_x":1080,"pixel_y":2160,"ppi":403,"cam_x":1.330093,"cam_y":0.341661,"camera_position":-1},{"model":"stf-al10;stf-al00;stf-tl10","pixel_x":1080,"pixel_y":1920,"ppi":428,"cam_x":1.281869,"cam_y":0.673305,"camera_position":0},{"model":"duk-al20;duk-tl30","pixel_x":1440,"pixel_y":2560,"ppi":515,"cam_x":1.752475,"cam_y":0.57391,"camera_position":0},{"model":"oppo r9 plusm a;oppo r9 plustm a","pixel_x":1080,"pixel_y":1920,"ppi":367,"cam_x":5.077127,"cam_y":0.836493,"camera_position":0},{"model":"vivo x6s a","pixel_x":1080,"pixel_y":1920,"ppi":424,"cam_x":2.037207,"cam_y":0.881284,"camera_position":0},{"model":"vivo x9s;vivo x9s l","pixel_x":1080,"pixel_y":1920,"ppi":401,"cam_x":1.425187,"cam_y":0.852448,"camera_position":0},{"model":"vivo xplay5a","pixel_x":1440,"pixel_y":2560,"ppi":541,"cam_x":1.831525,"cam_y":0.645947,"camera_position":0},{"model":"pdvm00","pixel_x":720,"pixel_y":1600,"ppi":270,"cam_x":0.482312,"cam_y":-0.50453,"camera_position":-1},{"model":"vivo xplay6","pixel_x":1440,"pixel_y":2560,"ppi":538,"cam_x":4.811935,"cam_y":0.795148,"camera_position":0},{"model":"mi 5","pixel_x":1080,"pixel_y":1920,"ppi":428,"cam_x":4.03237,"cam_y":0.516948,"camera_position":0},{"model":"vivo z1i","pixel_x":1080,"pixel_y":2280,"ppi":403,"cam_x":4.051099,"cam_y":-0.22193,"camera_position":0},{"model":"mi max 3","pixel_x":1080,"pixel_y":2160,"ppi":350,"cam_x":5.038531,"cam_y":0.377721,"camera_position":0},{"model":"are-al00;are-al10","pixel_x":1080,"pixel_y":2244,"ppi":350,"cam_x":3.933872,"cam_y":-0.33112,"camera_position":0},{"model":"m2006c3lc","pixel_x":720,"pixel_y":1600,"ppi":269,"cam_x":3.399257,"cam_y":-0.1448,"camera_position":0},{"model":"frd-al10;frd-al00","pixel_x":1080,"pixel_y":1920,"ppi":424,"cam_x":1.602614,"cam_y":0.715143,"camera_position":0},{"model":"rmx2200","pixel_x":720,"pixel_y":1600,"ppi":270,"cam_x":3.374866,"cam_y":-0.09587,"camera_position":0},{"model":"rmx2121","pixel_x":1080,"pixel_y":2400,"ppi":405,"cam_x":0.643944,"cam_y":-0.45612,"camera_position":-1},{"model":"jsc-an00","pixel_x":1080,"pixel_y":2400,"ppi":403,"cam_x":3.415416,"cam_y":-0.14315,"camera_position":0},{"model":"1801-a01","pixel_x":1080,"pixel_y":2160,"ppi":403,"cam_x":2.396046,"cam_y":0.416752,"camera_position":0},{"model":"vivo z3x","pixel_x":1080,"pixel_y":2280,"ppi":403,"cam_x":4.038789,"cam_y":-0.2281,"camera_position":0},{"model":"sm-g6200","pixel_x":1080,"pixel_y":2220,"ppi":412,"cam_x":2.277823,"cam_y":0.338257,"camera_position":0},{"model":"mp1718","pixel_x":1080,"pixel_y":2160,"ppi":402,"cam_x":2.6943,"cam_y":0.94996,"camera_position":0},{"model":"os105","pixel_x":1080,"pixel_y":1920,"ppi":367,"cam_x":3.753099,"cam_y":0.365217,"camera_position":0},{"model":"v2065a","pixel_x":720,"pixel_y":1600,"ppi":270,"cam_x":3.397152,"cam_y":-0.10482,"camera_position":0},{"model":"neo-al00","pixel_x":1440,"pixel_y":2880,"ppi":537,"cam_x":5.049209,"cam_y":-0.32494,"camera_position":0},{"model":"pot-al10","pixel_x":1080,"pixel_y":2340,"ppi":415,"cam_x":3.30506,"cam_y":-0.15329,"camera_position":0},{"model":"sm-c9000","pixel_x":1080,"pixel_y":1920,"ppi":367,"cam_x":2.538124,"cam_y":0.9124,"camera_position":0},{"model":"v2034a","pixel_x":720,"pixel_y":1600,"ppi":270,"cam_x":3.400268,"cam_y":-0.10868,"camera_position":0},{"model":"mi 5s plus","pixel_x":1080,"pixel_y":1920,"ppi":386,"cam_x":5.013814,"cam_y":0.646723,"camera_position":0},{"model":"mi 5s","pixel_x":1080,"pixel_y":1920,"ppi":428,"cam_x":4.040215,"cam_y":0.592772,"camera_position":0},{"model":"redmi note 3","pixel_x":1080,"pixel_y":1920,"ppi":401,"cam_x":5.171813,"cam_y":0.538953,"camera_position":0},{"model":"sm-g9350","pixel_x":1440,"pixel_y":2560,"ppi":534,"cam_x":5.270967,"cam_y":0.73627,"camera_position":0},{"model":"nokia x6","pixel_x":1080,"pixel_y":2280,"ppi":432,"cam_x":2.652532,"cam_y":-0.18843,"camera_position":0},{"model":"lenovo l78011","pixel_x":1080,"pixel_y":2246,"ppi":400,"cam_x":4.21061,"cam_y":-0.25287,"camera_position":0},{"model":"eva-al00;eva-tl00;eva-al10","pixel_x":1080,"pixel_y":1920,"ppi":424,"cam_x":1.583896,"cam_y":0.606814,"camera_position":0},{"model":"vie-al10","pixel_x":1080,"pixel_y":1920,"ppi":401,"cam_x":1.674743,"cam_y":0.701631,"camera_position":0},{"model":"edi-al10","pixel_x":1440,"pixel_y":2560,"ppi":445,"cam_x":2.992907,"cam_y":0.503867,"camera_position":0},{"model":"knt-al20;knt-al10;knt-ul10","pixel_x":1440,"pixel_y":2560,"ppi":515,"cam_x":1.656329,"cam_y":0.79534,"camera_position":0},{"model":"sm-g9280","pixel_x":1440,"pixel_y":2560,"ppi":515,"cam_x":5.011588,"cam_y":0.893622,"camera_position":0},{"model":"vivo y51;vivo y51a","pixel_x":540,"pixel_y":960,"ppi":220,"cam_x":2.056306,"cam_y":0.82584,"camera_position":0},{"model":"redmi 7","pixel_x":720,"pixel_y":1520,"ppi":269,"cam_x":3.399257,"cam_y":-0.11413,"camera_position":0},{"model":"bkk-al10;bkk-al00;bkk-tl00","pixel_x":720,"pixel_y":1520,"ppi":269,"cam_x":4.208603,"cam_y":-0.16096,"camera_position":0},{"model":"oppo a77;oppo a77t","pixel_x":1080,"pixel_y":1920,"ppi":401,"cam_x":2.234693,"cam_y":0.652346,"camera_position":0},{"model":"oppo r9st;oppo r9s","pixel_x":1080,"pixel_y":1920,"ppi":401,"cam_x":2.211408,"cam_y":0.889873,"camera_position":0},{"model":"oppo r9sk;oppo r9skt","pixel_x":1080,"pixel_y":1920,"ppi":401,"cam_x":2.159416,"cam_y":0.798573,"camera_position":0},{"model":"redmi 6 pro","pixel_x":1080,"pixel_y":2280,"ppi":432,"cam_x":3.7338,"cam_y":-0.0769,"camera_position":0},{"model":"vivo x9i;vivo x9l;vivo x9","pixel_x":1080,"pixel_y":1920,"ppi":401,"cam_x":1.503818,"cam_y":0.879517,"camera_position":0},{"model":"vivo y79a;vivo y79","pixel_x":720,"pixel_y":1440,"ppi":269,"cam_x":1.910326,"cam_y":0.313558,"camera_position":0},{"model":"huawei caz-al10;huawei caz-tl20;huawei caz-tl10","pixel_x":1080,"pixel_y":1920,"ppi":441,"cam_x":1.321837,"cam_y":0.678116,"camera_position":0},{"model":"huawei mla-al10","pixel_x":1080,"pixel_y":1920,"ppi":401,"cam_x":5.472718,"cam_y":0.659932,"camera_position":0},{"model":"mi 5x","pixel_x":1080,"pixel_y":1920,"ppi":401,"cam_x":2.308451,"cam_y":0.677212,"camera_position":0},{"model":"mi max 2","pixel_x":1080,"pixel_y":1920,"ppi":342,"cam_x":5.184339,"cam_y":0.686818,"camera_position":0},{"model":"redmi 5 plus","pixel_x":1080,"pixel_y":2160,"ppi":403,"cam_x":4.65256,"cam_y":0.439158,"camera_position":0},{"model":"redmi note 4x","pixel_x":1080,"pixel_y":1920,"ppi":401,"cam_x":4.503591,"cam_y":0.628064,"camera_position":0},{"model":"m6 note","pixel_x":1080,"pixel_y":1920,"ppi":401,"cam_x":4.643019,"cam_y":0.888518,"camera_position":0},{"model":"bac-al00;bac-tl00","pixel_x":1080,"pixel_y":1920,"ppi":401,"cam_x":1.818466,"cam_y":0.754658,"camera_position":0},{"model":"ane-al00;ane-tl00","pixel_x":1080,"pixel_y":2280,"ppi":432,"cam_x":3.715721,"cam_y":-0.22343,"camera_position":0},{"model":"plk-al10;plk-ul00;plk-cl00;plk-tl01h","pixel_x":1080,"pixel_y":1920,"ppi":424,"cam_x":1.816087,"cam_y":0.571664,"camera_position":0},{"model":"fig-al10;fig-al00;fig-tl10","pixel_x":1080,"pixel_y":2160,"ppi":427,"cam_x":1.559823,"cam_y":0.378699,"camera_position":0},{"model":"fla-al10;fla-al20;fla-tl10","pixel_x":1080,"pixel_y":2160,"ppi":407,"cam_x":1.96,"cam_y":0.403596,"camera_position":0},{"model":"p8","pixel_x":1080,"pixel_y":1920,"ppi":424,"cam_x":3.966611,"cam_y":0.528148,"camera_position":0},{"model":"rne-al00","pixel_x":1080,"pixel_y":2160,"ppi":409,"cam_x":4.733097,"cam_y":0.365634,"camera_position":0},{"model":"pra-al00x;pra-al00;pra-tl10","pixel_x":1080,"pixel_y":1920,"ppi":424,"cam_x":4.202042,"cam_y":0.627783,"camera_position":0},{"model":"lld-al20;lld-al30","pixel_x":1080,"pixel_y":2151,"ppi":412,"cam_x":3.816655,"cam_y":-0.1585,"camera_position":0},{"model":"lld-al10;lld-al00","pixel_x":1080,"pixel_y":2160,"ppi":427,"cam_x":1.835,"cam_y":0.386013,"camera_position":0},{"model":"bln-al10;bln-tl10;bln-al20","pixel_x":1080,"pixel_y":1920,"ppi":401,"cam_x":4.670228,"cam_y":0.465198,"camera_position":0},{"model":"bnd-al10;bnd-al00;bnd-tl10","pixel_x":1080,"pixel_y":2160,"ppi":407,"cam_x":1.553142,"cam_y":0.438615,"camera_position":0},{"model":"v1818a;v1818t","pixel_x":720,"pixel_y":1520,"ppi":271,"cam_x":3.387721,"cam_y":-0.24469,"camera_position":0},{"model":"redmi 8a","pixel_x":720,"pixel_y":1520,"ppi":270,"cam_x":3.400053,"cam_y":-0.21707,"camera_position":0},{"model":"m5 note","pixel_x":1080,"pixel_y":1920,"ppi":401,"cam_x":4.522908,"cam_y":1.020554,"camera_position":0},{"model":"pbam00;pbbm30;pbbt30;pbat00","pixel_x":720,"pixel_y":1520,"ppi":271,"cam_x":2.668545,"cam_y":-0.18231,"camera_position":0},{"model":"pbfm00;pbft00","pixel_x":720,"pixel_y":1520,"ppi":271,"cam_x":3.37417,"cam_y":-0.18165,"camera_position":0},{"model":"vivo y85a;vivo y85","pixel_x":1080,"pixel_y":2280,"ppi":403,"cam_x":4.048071,"cam_y":-0.23178,"camera_position":0},{"model":"dub-al00;dub-al00a;dub-al20;dub-tl00","pixel_x":720,"pixel_y":1520,"ppi":259,"cam_x":4.07473,"cam_y":-0.16351,"camera_position":0},{"model":"lnd-al30;lnd-tl40;lnd-al40","pixel_x":720,"pixel_y":1440,"ppi":269,"cam_x":1.93406,"cam_y":0.471914,"camera_position":0},{"model":"moa-al20","pixel_x":720,"pixel_y":1600,"ppi":279,"cam_x":3.277419,"cam_y":-0.09443,"camera_position":0},{"model":"pdbm00","pixel_x":720,"pixel_y":1600,"ppi":270,"cam_x":3.400604,"cam_y":-0.13834,"camera_position":0},{"model":"v1901a;v1930a","pixel_x":720,"pixel_y":1544,"ppi":268,"cam_x":3.41194,"cam_y":-0.2152,"camera_position":0},{"model":"vivo y67a;vivo y67l;vivo y67","pixel_x":720,"pixel_y":1280,"ppi":267,"cam_x":2.274228,"cam_y":0.83329,"camera_position":0},{"model":"med-al00","pixel_x":720,"pixel_y":1600,"ppi":279,"cam_x":3.292385,"cam_y":-0.21067,"camera_position":0},{"model":"mrd-al00","pixel_x":720,"pixel_y":1560,"ppi":282,"cam_x":3.25612,"cam_y":-0.08201,"camera_position":0},{"model":"mi play","pixel_x":1080,"pixel_y":2280,"ppi":432,"cam_x":3.175,"cam_y":-0.10432,"camera_position":0},{"model":"jat-al00;jat-tl00","pixel_x":720,"pixel_y":1560,"ppi":282,"cam_x":3.255788,"cam_y":-0.13256,"camera_position":0},{"model":"moa-al00","pixel_x":720,"pixel_y":1600,"ppi":279,"cam_x":3.312915,"cam_y":-0.09443,"camera_position":0},{"model":"was-al00","pixel_x":1080,"pixel_y":1920,"ppi":424,"cam_x":1.446503,"cam_y":0.612369,"camera_position":0},{"model":"oppo a73;oppo a73t","pixel_x":1080,"pixel_y":2160,"ppi":403,"cam_x":2.07911,"cam_y":0.342488,"camera_position":0},{"model":"oppo a79;oppo a79k;oppo a79t;oppo a79kt","pixel_x":1080,"pixel_y":2160,"ppi":402,"cam_x":2.010608,"cam_y":0.333612,"camera_position":0},{"model":"oppo a83;oppo a83t","pixel_x":720,"pixel_y":1440,"ppi":282,"cam_x":1.956251,"cam_y":0.324932,"camera_position":0},{"model":"vivo y75a;vivo y75","pixel_x":720,"pixel_y":1440,"ppi":282,"cam_x":1.829823,"cam_y":0.333282,"camera_position":0},{"model":"redmi 6;redmi 6a","pixel_x":720,"pixel_y":1440,"ppi":295,"cam_x":1.99175,"cam_y":0.419874,"camera_position":0},{"model":"vivo y83a;vivo y83","pixel_x":720,"pixel_y":1520,"ppi":270,"cam_x":4.184299,"cam_y":-0.18366,"camera_position":0},{"model":"v1818ca;v1818ct","pixel_x":720,"pixel_y":1520,"ppi":271,"cam_x":3.387613,"cam_y":-0.21586,"camera_position":0},{"model":"v1732a;v1732t","pixel_x":720,"pixel_y":1520,"ppi":270,"cam_x":4.151398,"cam_y":-0.16373,"camera_position":0},{"model":"oppo a57;oppo a57t;oppo+a57","pixel_x":720,"pixel_y":1280,"ppi":283,"cam_x":1.519257,"cam_y":0.932073,"camera_position":0},{"model":"trt-al00a;trt-tl10;trt-al00;trt-tl10a","pixel_x":720,"pixel_y":1280,"ppi":267,"cam_x":4.927177,"cam_y":0.695175,"camera_position":0},{"model":"vivo y66;vivo y66l","pixel_x":720,"pixel_y":1280,"ppi":267,"cam_x":1.920619,"cam_y":0.83181,"camera_position":0},{"model":"ldn-al00;ldn-al20;ldn-tl20","pixel_x":720,"pixel_y":1440,"ppi":269,"cam_x":1.950878,"cam_y":0.476045,"camera_position":0},{"model":"atu-al10;atu-tl10","pixel_x":720,"pixel_y":1440,"ppi":282,"cam_x":2.282757,"cam_y":0.441871,"camera_position":0},{"model":"vivo y66i a;vivo y66i","pixel_x":720,"pixel_y":1280,"ppi":267,"cam_x":1.998978,"cam_y":0.764725,"camera_position":0},{"model":"vivo y71a","pixel_x":720,"pixel_y":1440,"ppi":269,"cam_x":1.9015,"cam_y":0.347955,"camera_position":0},{"model":"sla-al00;sla-tl10","pixel_x":720,"pixel_y":1280,"ppi":294,"cam_x":0.694123,"cam_y":0.721207,"camera_position":0},{"model":"vivo y71","pixel_x":720,"pixel_y":1440,"ppi":269,"cam_x":1.9015,"cam_y":0.347955,"camera_position":0},{"model":"oppo a59s;oppo a59st","pixel_x":720,"pixel_y":1280,"ppi":267,"cam_x":1.656217,"cam_y":0.906179,"camera_position":0},{"model":"vivo v3max a","pixel_x":1080,"pixel_y":1920,"ppi":267,"cam_x":3.438871,"cam_y":1.120034,"camera_position":0},{"model":"m1822","pixel_x":1080,"pixel_y":2160,"ppi":402,"cam_x":4.444673,"cam_y":0.318006,"camera_position":0},{"model":"v1730ea","pixel_x":1080,"pixel_y":2280,"ppi":403,"cam_x":4.009911,"cam_y":-0.2273,"camera_position":0},{"model":"redmi s2","pixel_x":720,"pixel_y":1440,"ppi":269,"cam_x":2.436134,"cam_y":0.456085,"camera_position":0},{"model":"sm-c7000","pixel_x":1080,"pixel_y":1920,"ppi":386,"cam_x":2.525349,"cam_y":0.944193,"camera_position":0},{"model":"redmi 4","pixel_x":1080,"pixel_y":1920,"ppi":441,"cam_x":4.18093,"cam_y":0.530202,"camera_position":0},{"model":"redmi 5","pixel_x":1080,"pixel_y":1920,"ppi":386,"cam_x":4.865014,"cam_y":0.426111,"camera_position":0},{"model":"meizu s6","pixel_x":720,"pixel_y":1440,"ppi":282,"cam_x":4.417802,"cam_y":0.489986,"camera_position":0},{"model":"huawei tag-al00;huawei tag-tl00","pixel_x":720,"pixel_y":1280,"ppi":294,"cam_x":1.628161,"cam_y":0.616724,"camera_position":0},{"model":"was-tl10","pixel_x":1080,"pixel_y":1920,"ppi":424,"cam_x":4.635586,"cam_y":0.650404,"camera_position":0},{"model":"bln-al40","pixel_x":1080,"pixel_y":1920,"ppi":400,"cam_x":4.713479,"cam_y":0.537882,"camera_position":0},{"model":"redmi 7a","pixel_x":720,"pixel_y":1440,"ppi":295,"cam_x":1.883338,"cam_y":0.551635,"camera_position":0},{"model":"redmi 8","pixel_x":720,"pixel_y":1520,"ppi":269,"cam_x":3.399257,"cam_y":-0.2247,"camera_position":0},{"model":"v1731ca","pixel_x":720,"pixel_y":1440,"ppi":269,"cam_x":1.900372,"cam_y":0.352817,"camera_position":0},{"model":"nem-al10;nem-tl00","pixel_x":1080,"pixel_y":1920,"ppi":424,"cam_x":4.494816,"cam_y":0.751608,"camera_position":0},{"model":"oppo r9km;oppo r9tm;oppo r9m;oppo r9t","pixel_x":1080,"pixel_y":1920,"ppi":401,"cam_x":4.642038,"cam_y":0.757316,"camera_position":0},{"model":"vivo y75s","pixel_x":720,"pixel_y":1440,"ppi":269,"cam_x":1.953027,"cam_y":0.272436,"camera_position":0},{"model":"mp1602","pixel_x":1080,"pixel_y":1920,"ppi":424,"cam_x":3.222511,"cam_y":1.045626,"camera_position":0},{"model":"m2 e","pixel_x":1080,"pixel_y":1920,"ppi":401,"cam_x":2.290479,"cam_y":1.013466,"camera_position":0},{"model":"pcdm00","pixel_x":720,"pixel_y":1520,"ppi":271,"cam_x":3.402524,"cam_y":-0.14304,"camera_position":0},{"model":"ksa-al10","pixel_x":720,"pixel_y":1560,"ppi":301,"cam_x":3.110783,"cam_y":-0.17321,"camera_position":0},{"model":"m1 e","pixel_x":1080,"pixel_y":1920,"ppi":401,"cam_x":4.570556,"cam_y":1.02604,"camera_position":0},{"model":"m3 note","pixel_x":1080,"pixel_y":1920,"ppi":401,"cam_x":4.372533,"cam_y":1.055444,"camera_position":0},{"model":"ksa-al00","pixel_x":720,"pixel_y":1520,"ppi":295,"cam_x":3.168542,"cam_y":-0.16428,"camera_position":0},{"model":"gionee s10;gionee s10l","pixel_x":1080,"pixel_y":1920,"ppi":401,"cam_x":1.054526,"cam_y":0.515782,"camera_position":0},{"model":"dig-al00;dig-tl10","pixel_x":720,"pixel_y":1280,"ppi":294,"cam_x":1.903755,"cam_y":0.759574,"camera_position":0},{"model":"redmi note 5a","pixel_x":720,"pixel_y":1280,"ppi":267,"cam_x":2.441698,"cam_y":0.745517,"camera_position":0},{"model":"vivo y55;vivo y55l;vivo y55a","pixel_x":720,"pixel_y":1280,"ppi":283,"cam_x":1.862465,"cam_y":0.843448,"camera_position":0},{"model":"dli-al10;dli-tl20","pixel_x":720,"pixel_y":1280,"ppi":294,"cam_x":4.153827,"cam_y":0.682113,"camera_position":0},{"model":"aum-al00;aum-tl20","pixel_x":720,"pixel_y":1440,"ppi":282,"cam_x":2.288861,"cam_y":0.412571,"camera_position":0},{"model":"vivo y53;vivo y53l","pixel_x":540,"pixel_y":960,"ppi":294,"cam_x":1.383077,"cam_y":0.613578,"camera_position":0},{"model":"redmi 4a","pixel_x":720,"pixel_y":1280,"ppi":294,"cam_x":4.202978,"cam_y":0.708878,"camera_position":0},{"model":"redmi 5a","pixel_x":720,"pixel_y":1280,"ppi":294,"cam_x":4.044292,"cam_y":0.5972,"camera_position":0},{"model":"mya-al10;mya-tl10","pixel_x":720,"pixel_y":1280,"ppi":294,"cam_x":2.101776,"cam_y":0.758917,"camera_position":0},{"model":"m5s","pixel_x":720,"pixel_y":1280,"ppi":283,"cam_x":2.213079,"cam_y":0.989211,"camera_position":0},{"model":"oppo a37t;oppo a37m","pixel_x":720,"pixel_y":1280,"ppi":294,"cam_x":2.038086,"cam_y":0.730076,"camera_position":0},{"model":"meizu m6","pixel_x":720,"pixel_y":1280,"ppi":283,"cam_x":4.235355,"cam_y":0.977731,"camera_position":0},{"model":"dra-al00;dra-tl00","pixel_x":720,"pixel_y":1440,"ppi":295,"cam_x":4.524505,"cam_y":0.499945,"camera_position":0},{"model":"dua-al00;dua-tl00","pixel_x":720,"pixel_y":1440,"ppi":295,"cam_x":4.533101,"cam_y":0.469271,"camera_position":0},{"model":"cam-al00;cam-tl00;cam-tl00h","pixel_x":720,"pixel_y":1280,"ppi":267,"cam_x":5.019624,"cam_y":0.825121,"camera_position":0},{"model":"oppo a53;oppo a53m","pixel_x":720,"pixel_y":1280,"ppi":226,"cam_x":0.800625,"cam_y":-0.43455,"camera_position":-1},{"model":"oppo r7splus","pixel_x":1080,"pixel_y":1920,"ppi":367,"cam_x":2.653219,"cam_y":0.477781,"camera_position":0},{"model":"vivo v3","pixel_x":720,"pixel_y":1280,"ppi":294,"cam_x":2.082255,"cam_y":0.66298,"camera_position":0},{"model":"vivo x6plus a","pixel_x":1080,"pixel_y":1920,"ppi":386,"cam_x":2.228593,"cam_y":0.943221,"camera_position":0},{"model":"kiw-al10;kiw-tl00","pixel_x":1080,"pixel_y":1920,"ppi":401,"cam_x":2.140689,"cam_y":0.630255,"camera_position":0},{"model":"sm-g9500","pixel_x":1080,"pixel_y":2076,"ppi":480,"cam_x":3.9,"cam_y":-0.2,"camera_position":1}]
