{"v":"5.5.5","fr":25,"ip":0,"op":75,"w":640,"h":64,"nm":"文字2-4轮廓_lottie","ddd":0,"assets":[],"layers":[{"ddd":0,"ind":1,"ty":4,"nm":"“调整色彩范围...”轮廓","sr":1,"ks":{"o":{"a":1,"k":[{"i":{"x":[0.833],"y":[0.833]},"o":{"x":[0.167],"y":[0.167]},"t":50,"s":[0]},{"i":{"x":[0.833],"y":[0.833]},"o":{"x":[0.167],"y":[0.167]},"t":57,"s":[100]},{"i":{"x":[0.833],"y":[0.833]},"o":{"x":[0.167],"y":[0.167]},"t":65,"s":[100]},{"t":75,"s":[0]}],"ix":11},"r":{"a":0,"k":0,"ix":10},"p":{"a":1,"k":[{"i":{"x":0.58,"y":1},"o":{"x":0.001,"y":0},"t":50,"s":[319.5,50,0],"to":[0,-3.833,0],"ti":[0,3.833,0]},{"i":{"x":0.833,"y":0.833},"o":{"x":0.167,"y":0.167},"t":60,"s":[319.5,27,0],"to":[0,0,0],"ti":[0,0,0]},{"i":{"x":0.6,"y":0.2},"o":{"x":0.26,"y":0},"t":65,"s":[319.5,27,0],"to":[0,-3.333,0],"ti":[0,3.333,0]},{"t":75,"s":[319.5,7,0]}],"ix":2},"a":{"a":0,"k":[81.5,-8.625,0],"ix":1},"s":{"a":1,"k":[{"i":{"x":[0.6,0.6,0.6],"y":[0.2,0.2,1]},"o":{"x":[0.26,0.26,0.26],"y":[0,0,0]},"t":65,"s":[100,100,100]},{"t":75,"s":[80,80,100]}],"ix":6}},"ao":0,"shapes":[{"ty":"gr","it":[{"ind":0,"ty":"sh","ix":1,"ks":{"a":0,"k":{"i":[[0,0],[0,0],[0,0],[0,0],[0,0],[0,0],[0,0],[0,0],[0,0],[0,0],[0,0],[0,0],[0,0],[0,0],[0,0],[0,0]],"o":[[0,0],[0,0],[0,0],[0,0],[0,0],[0,0],[0,0],[0,0],[0,0],[0,0],[0,0],[0,0],[0,0],[0,0],[0,0],[0,0]],"v":[[12.085,-14.357],[12.085,-12.931],[14.865,-12.931],[14.865,-10.659],[11.698,-10.659],[11.698,-9.209],[19.723,-9.209],[19.723,-10.659],[16.508,-10.659],[16.508,-12.931],[19.312,-12.931],[19.312,-14.357],[16.508,-14.357],[16.508,-16.266],[14.865,-16.266],[14.865,-14.357]],"c":true},"ix":2},"nm":"调","mn":"ADBE Vector Shape - Group","hd":false},{"ind":1,"ty":"sh","ix":2,"ks":{"a":0,"k":{"i":[[0,0],[0,0],[0,0],[0,0]],"o":[[0,0],[0,0],[0,0],[0,0]],"v":[[12.472,-7.493],[12.472,-1.329],[18.901,-1.329],[18.901,-7.493]],"c":true},"ix":2},"nm":"调","mn":"ADBE Vector Shape - Group","hd":false},{"ind":2,"ty":"sh","ix":3,"ks":{"a":0,"k":{"i":[[0,0],[0,0],[0,0],[0,0]],"o":[[0,0],[0,0],[0,0],[0,0]],"v":[[17.402,-2.755],[13.97,-2.755],[13.97,-6.042],[17.402,-6.042]],"c":true},"ix":2},"nm":"调","mn":"ADBE Vector Shape - Group","hd":false},{"ind":3,"ty":"sh","ix":4,"ks":{"a":0,"k":{"i":[[0,0],[0,0],[0,0],[1.208,-1.764],[0,0],[-0.048,3.263],[0,0],[0,0],[0,0],[0.677,0],[0.798,0.048],[0,0],[0,0],[0,1.426]],"o":[[0,0],[0,0],[-0.048,2.683],[0,0],[1.45,-2.03],[0,0],[0,0],[0,0],[0,0.798],[-0.677,0],[0,0],[0,0],[1.45,0],[0,0]],"v":[[22.26,-18.804],[9.185,-18.804],[9.185,-5.438],[7.299,1.233],[8.58,2.417],[10.828,-5.535],[10.828,-17.233],[20.617,-17.233],[20.617,-0.435],[19.578,0.773],[17.354,0.701],[17.765,2.296],[20.085,2.296],[22.26,0.145]],"c":true},"ix":2},"nm":"调","mn":"ADBE Vector Shape - Group","hd":false},{"ind":4,"ty":"sh","ix":5,"ks":{"a":0,"k":{"i":[[1.523,1.208],[0,0],[-0.967,-1.16],[0,0]],"o":[[0,0],[1.619,1.281],[0,0],[-1.039,-1.208]],"v":[[3.964,-19.457],[2.755,-18.272],[6.623,-14.623],[7.807,-15.831]],"c":true},"ix":2},"nm":"调","mn":"ADBE Vector Shape - Group","hd":false},{"ind":5,"ty":"sh","ix":6,"ks":{"a":0,"k":{"i":[[0,0],[0,0],[0,0],[0,0],[0.338,-0.29],[0,0],[-1.184,1.208],[0,0],[0.58,-0.532],[0,0]],"o":[[0,0],[0,0],[0,0],[0,0.387],[0,0],[1.354,-0.967],[0,0],[-0.628,0.628],[0,0],[0,0]],"v":[[1.015,-12.351],[1.015,-10.683],[4.375,-10.683],[4.375,-1.547],[3.843,-0.556],[4.52,0.991],[8.314,-2.272],[7.879,-3.988],[6.067,-2.272],[6.067,-12.351]],"c":true},"ix":2},"nm":"调","mn":"ADBE Vector Shape - Group","hd":false},{"ty":"mm","mm":1,"nm":"合并路径 1","mn":"ADBE Vector Filter - Merge","hd":false},{"ty":"fl","c":{"a":0,"k":[1,1,1,1],"ix":4},"o":{"a":0,"k":100,"ix":5},"r":1,"bm":0,"nm":"填充 1","mn":"ADBE Vector Graphic - Fill","hd":false},{"ty":"tr","p":{"a":0,"k":[0,0],"ix":2},"a":{"a":0,"k":[0,0],"ix":1},"s":{"a":0,"k":[100,100],"ix":3},"r":{"a":0,"k":0,"ix":6},"o":{"a":0,"k":100,"ix":7},"sk":{"a":0,"k":0,"ix":4},"sa":{"a":0,"k":0,"ix":5},"nm":"变换"}],"nm":"调","np":9,"cix":2,"bm":0,"ix":1,"mn":"ADBE Vector Group","hd":false},{"ty":"gr","it":[{"ind":0,"ty":"sh","ix":1,"ks":{"a":0,"k":{"i":[[0,0],[0,0],[0,0],[1.692,-0.58],[0,0],[-1.426,1.208],[0,0],[0,0],[0,0],[-1.354,-0.943],[0,0],[1.426,0.58],[0,0],[0,0],[0,0],[0,0],[0,0],[0,0],[0,0],[0,0],[0,0],[0,0],[0,0],[0,0],[0,0],[0,0],[0,0]],"o":[[0,0],[0,0],[-1.716,1.281],[0,0],[1.499,-0.749],[0,0],[0,0],[0,0],[0.918,0.483],[0,0],[-1.45,-0.749],[0,0],[0,0],[0,0],[0,0],[0,0],[0,0],[0,0],[0,0],[0,0],[0,0],[0,0],[0,0],[0,0],[0,0],[0,0],[0,0]],"v":[[26.175,-15.904],[26.175,-11.698],[30.042,-11.698],[24.943,-8.895],[25.692,-7.493],[30.067,-10.417],[30.067,-7.662],[31.614,-7.662],[31.614,-10.151],[35.046,-8],[35.94,-9.33],[31.614,-11.312],[31.614,-11.698],[35.505,-11.698],[35.505,-15.904],[31.614,-15.904],[31.614,-17.257],[36.109,-17.257],[36.109,-18.611],[31.614,-18.611],[31.614,-19.747],[30.067,-19.747],[30.067,-18.611],[25.305,-18.611],[25.305,-17.257],[30.067,-17.257],[30.067,-15.904]],"c":true},"ix":2},"nm":"整","mn":"ADBE Vector Shape - Group","hd":false},{"ind":1,"ty":"sh","ix":2,"ks":{"a":0,"k":{"i":[[0,0],[0,0],[0,0],[0,0]],"o":[[0,0],[0,0],[0,0],[0,0]],"v":[[34.103,-12.883],[31.614,-12.883],[31.614,-14.695],[34.103,-14.695]],"c":true},"ix":2},"nm":"整","mn":"ADBE Vector Shape - Group","hd":false},{"ind":2,"ty":"sh","ix":3,"ks":{"a":0,"k":{"i":[[0,0],[0,0],[0,0],[0,0]],"o":[[0,0],[0,0],[0,0],[0,0]],"v":[[30.067,-12.883],[27.577,-12.883],[27.577,-14.695],[30.067,-14.695]],"c":true},"ix":2},"nm":"整","mn":"ADBE Vector Shape - Group","hd":false},{"ind":3,"ty":"sh","ix":4,"ks":{"a":0,"k":{"i":[[-0.169,0.338],[0,0],[0.943,-1.088],[0,0],[0.701,1.402]],"o":[[0,0],[-0.29,1.813],[0,0],[-1.112,-0.967],[0.145,-0.29]],"v":[[39.3,-16.266],[43.529,-16.266],[41.668,-11.916],[41.547,-11.795],[38.816,-15.324]],"c":true},"ix":2},"nm":"整","mn":"ADBE Vector Shape - Group","hd":false},{"ind":4,"ty":"sh","ix":5,"ks":{"a":0,"k":{"i":[[-0.967,-0.894],[1.644,-0.435],[0,0],[-1.184,0.822],[-1.692,-0.532],[0,0],[1.184,0.773],[0,0],[-0.338,2.175],[0,0],[0,0],[0,0],[-0.145,0.677],[0,0],[1.499,-1.644],[0,0],[-0.338,0.459]],"o":[[-1.015,0.653],[0,0],[1.885,-0.532],[1.257,0.918],[0,0],[-1.547,-0.459],[0,0],[1.112,-1.354],[0,0],[0,0],[0,0],[0.193,-0.604],[0,0],[-0.532,2.369],[0,0],[0.363,-0.411],[0.653,1.112]],"v":[[40.339,-10.828],[36.375,-9.185],[36.979,-7.759],[41.596,-9.813],[45.995,-7.638],[46.889,-9.015],[42.804,-10.876],[42.901,-10.973],[45.076,-16.266],[46.478,-16.266],[46.478,-17.765],[39.88,-17.765],[40.411,-19.674],[38.865,-19.868],[35.819,-13.825],[36.834,-12.544],[37.898,-13.849]],"c":true},"ix":2},"nm":"整","mn":"ADBE Vector Shape - Group","hd":false},{"ind":5,"ty":"sh","ix":6,"ks":{"a":0,"k":{"i":[[0,0],[0,0],[0,0],[0,0],[0,0],[0,0],[0,0],[0,0],[0,0],[0,0],[0,0],[0,0],[0,0],[0,0],[0,0],[0,0],[0,0],[0,0],[0,0],[0,0]],"o":[[0,0],[0,0],[0,0],[0,0],[0,0],[0,0],[0,0],[0,0],[0,0],[0,0],[0,0],[0,0],[0,0],[0,0],[0,0],[0,0],[0,0],[0,0],[0,0],[0,0]],"v":[[35.046,-5.317],[35.046,0.338],[30.816,0.338],[30.816,-4.206],[29.221,-4.206],[29.221,0.338],[25.354,0.338],[25.354,1.885],[46.816,1.885],[46.816,0.338],[36.786,0.338],[36.786,-1.764],[44.182,-1.764],[44.182,-3.263],[36.786,-3.263],[36.786,-5.317],[45.656,-5.317],[45.656,-6.84],[26.562,-6.84],[26.562,-5.317]],"c":true},"ix":2},"nm":"整","mn":"ADBE Vector Shape - Group","hd":false},{"ty":"mm","mm":1,"nm":"合并路径 1","mn":"ADBE Vector Filter - Merge","hd":false},{"ty":"fl","c":{"a":0,"k":[1,1,1,1],"ix":4},"o":{"a":0,"k":100,"ix":5},"r":1,"bm":0,"nm":"填充 1","mn":"ADBE Vector Graphic - Fill","hd":false},{"ty":"tr","p":{"a":0,"k":[0,0],"ix":2},"a":{"a":0,"k":[0,0],"ix":1},"s":{"a":0,"k":[100,100],"ix":3},"r":{"a":0,"k":0,"ix":6},"o":{"a":0,"k":100,"ix":7},"sk":{"a":0,"k":0,"ix":4},"sa":{"a":0,"k":0,"ix":5},"nm":"变换"}],"nm":"整","np":9,"cix":2,"bm":0,"ix":2,"mn":"ADBE Vector Group","hd":false},{"ty":"gr","it":[{"ind":0,"ty":"sh","ix":1,"ks":{"a":0,"k":{"i":[[0,0],[0,0],[0,0],[0,0]],"o":[[0,0],[0,0],[0,0],[0,0]],"v":[[59.65,-11.239],[59.65,-6.864],[53.873,-6.864],[53.873,-11.239]],"c":true},"ix":2},"nm":"色","mn":"ADBE Vector Shape - Group","hd":false},{"ind":1,"ty":"sh","ix":2,"ks":{"a":0,"k":{"i":[[0,0],[0,0],[0,0],[0,0]],"o":[[0,0],[0,0],[0,0],[0,0]],"v":[[61.414,-6.864],[61.414,-11.239],[67.094,-11.239],[67.094,-6.864]],"c":true},"ix":2},"nm":"色","mn":"ADBE Vector Shape - Group","hd":false},{"ind":2,"ty":"sh","ix":3,"ks":{"a":0,"k":{"i":[[-1.015,1.112],[0,0],[0.967,-0.87],[0,0]],"o":[[0,0],[-0.943,1.16],[0,0],[1.184,-0.918]],"v":[[55.759,-15.904],[63.638,-15.904],[60.786,-12.858],[52.447,-12.858]],"c":true},"ix":2},"nm":"色","mn":"ADBE Vector Shape - Group","hd":false},{"ind":3,"ty":"sh","ix":4,"ks":{"a":0,"k":{"i":[[-0.628,0.483],[0,0],[-1.523,0],[0,0],[-0.483,1.063],[-0.169,1.595],[0,0],[0.242,-0.411],[0.822,-0.024],[0,0],[0,0.725],[0,0],[0,0],[0,0],[0,0],[-0.918,1.305],[0,0],[0,0],[-0.435,0.701],[0,0],[3.094,-1.837],[0,0]],"o":[[0,0],[0,1.45],[0,0],[1.402,-0.048],[0.29,-0.677],[0,0],[-0.169,1.644],[-0.314,0.508],[0,0],[-0.773,0],[0,0],[0,0],[0,0],[0,0],[0.918,-0.918],[0,0],[0,0],[0.483,-0.628],[0,0],[-2.006,2.973],[0,0],[0.628,-0.411]],"v":[[52.109,-12.617],[52.109,-0.145],[54.381,2.03],[67.263,2.03],[70.067,0.387],[70.744,-3.021],[69.028,-3.553],[68.424,-0.459],[66.732,0.338],[55.058,0.338],[53.873,-0.773],[53.873,-5.221],[68.859,-5.221],[68.859,-12.858],[63.155,-12.858],[65.886,-16.17],[65.886,-17.499],[57.088,-17.499],[58.466,-19.505],[56.725,-19.892],[49.063,-12.689],[50.224,-11.287]],"c":true},"ix":2},"nm":"色","mn":"ADBE Vector Shape - Group","hd":false},{"ty":"mm","mm":1,"nm":"合并路径 1","mn":"ADBE Vector Filter - Merge","hd":false},{"ty":"fl","c":{"a":0,"k":[1,1,1,1],"ix":4},"o":{"a":0,"k":100,"ix":5},"r":1,"bm":0,"nm":"填充 1","mn":"ADBE Vector Graphic - Fill","hd":false},{"ty":"tr","p":{"a":0,"k":[0,0],"ix":2},"a":{"a":0,"k":[0,0],"ix":1},"s":{"a":0,"k":[100,100],"ix":3},"r":{"a":0,"k":0,"ix":6},"o":{"a":0,"k":100,"ix":7},"sk":{"a":0,"k":0,"ix":4},"sa":{"a":0,"k":0,"ix":5},"nm":"变换"}],"nm":"色","np":7,"cix":2,"bm":0,"ix":3,"mn":"ADBE Vector Group","hd":false},{"ty":"gr","it":[{"ind":0,"ty":"sh","ix":1,"ks":{"a":0,"k":{"i":[[0,0],[4.737,0],[0,0],[-3.045,0.967]],"o":[[-3.142,0.894],[0,0],[5.076,0],[0,0]],"v":[[84.955,-19.457],[73.112,-18.103],[73.619,-16.556],[85.777,-18.007]],"c":true},"ix":2},"nm":"彩","mn":"ADBE Vector Shape - Group","hd":false},{"ind":1,"ty":"sh","ix":2,"ks":{"a":0,"k":{"i":[[0,0],[0.677,-1.281],[0,0],[-0.483,1.909]],"o":[[-0.532,1.982],[0,0],[0.749,-1.45],[0,0]],"v":[[83.892,-16.339],[82.103,-11.457],[83.505,-10.949],[85.342,-15.976]],"c":true},"ix":2},"nm":"彩","mn":"ADBE Vector Shape - Group","hd":false},{"ind":2,"ty":"sh","ix":3,"ks":{"a":0,"k":{"i":[[0,0],[2.49,-1.305],[0,0],[-1.764,2.224]],"o":[[-1.619,2.175],[0,0],[2.61,-1.474],[0,0]],"v":[[92.327,-19.94],[86.164,-14.695],[86.913,-13.1],[93.487,-18.635]],"c":true},"ix":2},"nm":"彩","mn":"ADBE Vector Shape - Group","hd":false},{"ind":3,"ty":"sh","ix":4,"ks":{"a":0,"k":{"i":[[0,0],[2.78,-1.426],[0,0],[-1.934,2.393]],"o":[[-1.789,2.32],[0,0],[2.876,-1.571],[0,0]],"v":[[93.39,-13.366],[86.55,-7.734],[87.324,-6.139],[94.526,-12.085]],"c":true},"ix":2},"nm":"彩","mn":"ADBE Vector Shape - Group","hd":false},{"ind":4,"ty":"sh","ix":5,"ks":{"a":0,"k":{"i":[[0,0],[3.335,-1.861],[0,0],[-2.296,3.118]],"o":[[-2.151,3.094],[0,0],[3.432,-2.054],[0,0]],"v":[[94.091,-6.743],[85.874,0.677],[86.671,2.32],[95.276,-5.438]],"c":true},"ix":2},"nm":"彩","mn":"ADBE Vector Shape - Group","hd":false},{"ind":5,"ty":"sh","ix":6,"ks":{"a":0,"k":{"i":[[0,0],[0,0],[0,0],[2.417,-1.789],[0,0],[-1.45,2.344],[0,0],[0,0],[0,0],[-1.402,-1.257],[0,0],[1.499,0.87],[0,0],[0,0],[0,0],[0,0],[0,0],[0,0],[0,0]],"o":[[0,0],[0,0],[-1.378,2.417],[0,0],[1.934,-1.547],[0,0],[0,0],[0,0],[0.991,0.725],[0,0],[-1.571,-1.136],[0,0],[0,0],[0,0],[0,0],[0,0],[0,0],[0,0],[0,0]],"v":[[73.861,-8.725],[73.861,-7.033],[78.743,-7.033],[73.039,-0.725],[74.079,0.773],[79.13,-5.076],[79.13,2.393],[80.87,2.393],[80.87,-3.94],[84.472,-0.991],[85.487,-2.538],[80.87,-5.535],[80.87,-7.033],[85.656,-7.033],[85.656,-8.725],[80.87,-8.725],[80.87,-11.118],[79.13,-11.118],[79.13,-8.725]],"c":true},"ix":2},"nm":"彩","mn":"ADBE Vector Shape - Group","hd":false},{"ind":6,"ty":"sh","ix":7,"ks":{"a":0,"k":{"i":[[0.604,1.281],[0,0],[-0.387,-1.257],[0,0]],"o":[[0,0],[0.556,1.184],[0,0],[-0.338,-1.063]],"v":[[79.493,-15.976],[78.018,-15.565],[79.444,-11.916],[80.919,-12.448]],"c":true},"ix":2},"nm":"彩","mn":"ADBE Vector Shape - Group","hd":false},{"ind":7,"ty":"sh","ix":8,"ks":{"a":0,"k":{"i":[[0.701,1.233],[0,0],[-0.483,-1.45],[0,0]],"o":[[0,0],[0.725,1.305],[0,0],[-0.532,-1.595]],"v":[[75.142,-15.517],[73.764,-15.058],[75.577,-10.901],[77.003,-11.263]],"c":true},"ix":2},"nm":"彩","mn":"ADBE Vector Shape - Group","hd":false},{"ty":"mm","mm":1,"nm":"合并路径 1","mn":"ADBE Vector Filter - Merge","hd":false},{"ty":"fl","c":{"a":0,"k":[1,1,1,1],"ix":4},"o":{"a":0,"k":100,"ix":5},"r":1,"bm":0,"nm":"填充 1","mn":"ADBE Vector Graphic - Fill","hd":false},{"ty":"tr","p":{"a":0,"k":[0,0],"ix":2},"a":{"a":0,"k":[0,0],"ix":1},"s":{"a":0,"k":[100,100],"ix":3},"r":{"a":0,"k":0,"ix":6},"o":{"a":0,"k":100,"ix":7},"sk":{"a":0,"k":0,"ix":4},"sa":{"a":0,"k":0,"ix":5},"nm":"变换"}],"nm":"彩","np":11,"cix":2,"bm":0,"ix":4,"mn":"ADBE Vector Group","hd":false},{"ty":"gr","it":[{"ind":0,"ty":"sh","ix":1,"ks":{"a":0,"k":{"i":[[0,0],[0,0],[0,0],[0,0],[0,0],[0,0],[0,0],[0,0],[0,0],[0,0],[0,0],[0,0],[0,0],[0,0],[0,0],[0,0],[0,0],[0,0],[0,0],[0,0]],"o":[[0,0],[0,0],[0,0],[0,0],[0,0],[0,0],[0,0],[0,0],[0,0],[0,0],[0,0],[0,0],[0,0],[0,0],[0,0],[0,0],[0,0],[0,0],[0,0],[0,0]],"v":[[97.45,-17.596],[97.45,-15.976],[103.154,-15.976],[103.154,-13.68],[104.919,-13.68],[104.919,-15.976],[111.251,-15.976],[111.251,-13.68],[113.016,-13.68],[113.016,-15.976],[118.72,-15.976],[118.72,-17.596],[113.016,-17.596],[113.016,-19.771],[111.251,-19.771],[111.251,-17.596],[104.919,-17.596],[104.919,-19.771],[103.154,-19.771],[103.154,-17.596]],"c":true},"ix":2},"nm":"范","mn":"ADBE Vector Shape - Group","hd":false},{"ind":1,"ty":"sh","ix":2,"ks":{"a":0,"k":{"i":[[1.523,1.063],[0,0],[-0.918,-1.015],[0,0]],"o":[[0,0],[1.644,1.136],[0,0],[-1.015,-1.063]],"v":[[100.592,-13.922],[99.384,-12.786],[103.227,-9.547],[104.411,-10.731]],"c":true},"ix":2},"nm":"范","mn":"ADBE Vector Shape - Group","hd":false},{"ind":2,"ty":"sh","ix":3,"ks":{"a":0,"k":{"i":[[1.499,1.039],[0,0],[-0.918,-1.015],[0,0]],"o":[[0,0],[1.619,1.112],[0,0],[-1.039,-1.063]],"v":[[99.07,-9.813],[97.885,-8.677],[101.704,-5.487],[102.888,-6.671]],"c":true},"ix":2},"nm":"范","mn":"ADBE Vector Shape - Group","hd":false},{"ind":3,"ty":"sh","ix":4,"ks":{"a":0,"k":{"i":[[0,0],[1.547,-2.127],[0,0],[-0.918,2.224]],"o":[[-0.918,2.079],[0,0],[1.474,-2.079],[0,0]],"v":[[101.897,-4.592],[98.175,1.74],[99.795,2.586],[103.372,-3.891]],"c":true},"ix":2},"nm":"范","mn":"ADBE Vector Shape - Group","hd":false},{"ind":4,"ty":"sh","ix":5,"ks":{"a":0,"k":{"i":[[0,0],[0,0],[0.628,0],[1.039,0.073],[0,0],[-1.063,0],[-0.024,1.257],[0,0],[0,0],[0,0],[-1.571,0],[0,0],[-0.459,0.435],[-0.193,2.32],[0,0],[0.266,-0.532],[0.967,0],[0,0],[0,0.798],[0,0]],"o":[[0,0],[0,0.58],[-0.87,0],[0,0],[0.991,0.048],[1.354,-0.048],[0,0],[0,0],[0,0],[0,1.499],[0,0],[1.257,0],[0.483,-0.532],[0,0],[-0.121,1.547],[-0.218,0.459],[0,0],[-0.846,0],[0,0],[0,0]],"v":[[114.925,-11.287],[114.925,-6.768],[113.958,-5.873],[111.106,-5.994],[111.517,-4.351],[114.587,-4.278],[116.641,-6.236],[116.641,-12.834],[106.176,-12.834],[106.176,-0.29],[108.52,1.982],[114.998,1.982],[117.56,1.329],[118.575,-2.949],[116.907,-3.48],[116.327,-0.363],[114.538,0.338],[109.197,0.338],[107.94,-0.87],[107.94,-11.287]],"c":true},"ix":2},"nm":"范","mn":"ADBE Vector Shape - Group","hd":false},{"ty":"mm","mm":1,"nm":"合并路径 1","mn":"ADBE Vector Filter - Merge","hd":false},{"ty":"fl","c":{"a":0,"k":[1,1,1,1],"ix":4},"o":{"a":0,"k":100,"ix":5},"r":1,"bm":0,"nm":"填充 1","mn":"ADBE Vector Graphic - Fill","hd":false},{"ty":"tr","p":{"a":0,"k":[0,0],"ix":2},"a":{"a":0,"k":[0,0],"ix":1},"s":{"a":0,"k":[100,100],"ix":3},"r":{"a":0,"k":0,"ix":6},"o":{"a":0,"k":100,"ix":7},"sk":{"a":0,"k":0,"ix":4},"sa":{"a":0,"k":0,"ix":5},"nm":"变换"}],"nm":"范","np":8,"cix":2,"bm":0,"ix":5,"mn":"ADBE Vector Group","hd":false},{"ty":"gr","it":[{"ind":0,"ty":"sh","ix":1,"ks":{"a":0,"k":{"i":[[0,0],[0,0],[0,0],[0,0],[0,0],[0,0],[0,0],[0,0],[0,0],[0,0],[0,0],[0,0],[0,0],[0,0],[0,0],[0.145,-0.338],[0.798,-0.024],[0.508,0.048],[0,0],[-0.29,0],[-0.363,0.773],[-0.048,2.32],[0,0],[0,0],[0,0],[0,0],[0,0],[0,0],[0,0],[0,0],[0,0],[0,0],[0,0],[0,0]],"o":[[0,0],[0,0],[0,0],[0,0],[0,0],[0,0],[0,0],[0,0],[0,0],[0,0],[0,0],[0,0],[0,0],[0,0],[-0.024,1.063],[-0.169,0.435],[-0.363,0],[0,0],[0.387,0.048],[1.378,-0.048],[0.29,-0.677],[0,0],[0,0],[0,0],[0,0],[0,0],[0,0],[0,0],[0,0],[0,0],[0,0],[0,0],[0,0],[0,0]],"v":[[125.535,-14.502],[125.535,-13.003],[131.118,-13.003],[131.118,-11.118],[126.623,-11.118],[126.623,-9.668],[131.118,-9.668],[131.118,-7.783],[125.221,-7.783],[125.221,-6.308],[131.118,-6.308],[131.118,-1.088],[132.81,-1.088],[132.81,-6.308],[137.064,-6.308],[136.822,-4.181],[135.372,-3.48],[134.067,-3.577],[134.55,-2.151],[135.565,-2.054],[138.176,-3.287],[138.683,-7.783],[132.81,-7.783],[132.81,-9.668],[137.427,-9.668],[137.427,-11.118],[132.81,-11.118],[132.81,-13.003],[138.538,-13.003],[138.538,-14.502],[132.81,-14.502],[132.81,-16.315],[131.118,-16.315],[131.118,-14.502]],"c":true},"ix":2},"nm":"围","mn":"ADBE Vector Shape - Group","hd":false},{"ind":1,"ty":"sh","ix":2,"ks":{"a":0,"k":{"i":[[0,0],[0,0],[0,0],[0,0],[0,0],[0,0],[0,0],[0,0]],"o":[[0,0],[0,0],[0,0],[0,0],[0,0],[0,0],[0,0],[0,0]],"v":[[141.995,-18.78],[122.175,-18.78],[122.175,2.441],[123.867,2.441],[123.867,1.354],[140.303,1.354],[140.303,2.441],[141.995,2.441]],"c":true},"ix":2},"nm":"围","mn":"ADBE Vector Shape - Group","hd":false},{"ind":2,"ty":"sh","ix":3,"ks":{"a":0,"k":{"i":[[0,0],[0,0],[0,0],[0,0]],"o":[[0,0],[0,0],[0,0],[0,0]],"v":[[123.867,-0.193],[123.867,-17.233],[140.303,-17.233],[140.303,-0.193]],"c":true},"ix":2},"nm":"围","mn":"ADBE Vector Shape - Group","hd":false},{"ty":"mm","mm":1,"nm":"合并路径 1","mn":"ADBE Vector Filter - Merge","hd":false},{"ty":"fl","c":{"a":0,"k":[1,1,1,1],"ix":4},"o":{"a":0,"k":100,"ix":5},"r":1,"bm":0,"nm":"填充 1","mn":"ADBE Vector Graphic - Fill","hd":false},{"ty":"tr","p":{"a":0,"k":[0,0],"ix":2},"a":{"a":0,"k":[0,0],"ix":1},"s":{"a":0,"k":[100,100],"ix":3},"r":{"a":0,"k":0,"ix":6},"o":{"a":0,"k":100,"ix":7},"sk":{"a":0,"k":0,"ix":4},"sa":{"a":0,"k":0,"ix":5},"nm":"变换"}],"nm":"围","np":6,"cix":2,"bm":0,"ix":6,"mn":"ADBE Vector Group","hd":false},{"ty":"gr","it":[{"ind":0,"ty":"sh","ix":1,"ks":{"a":0,"k":{"i":[[0.411,0],[0.29,-0.29],[0,-0.411],[-0.29,-0.29],[-0.411,0],[-0.29,0.266],[0,0.435],[0.29,0.266]],"o":[[-0.411,0],[-0.29,0.266],[0,0.411],[0.29,0.266],[0.387,0],[0.29,-0.266],[0,-0.411],[-0.29,-0.29]],"v":[[147.19,-2.876],[146.151,-2.465],[145.716,-1.45],[146.151,-0.411],[147.19,0],[148.23,-0.411],[148.665,-1.45],[148.23,-2.465]],"c":true},"ix":2},"nm":".","mn":"ADBE Vector Shape - Group","hd":false},{"ty":"fl","c":{"a":0,"k":[1,1,1,1],"ix":4},"o":{"a":0,"k":100,"ix":5},"r":1,"bm":0,"nm":"填充 1","mn":"ADBE Vector Graphic - Fill","hd":false},{"ty":"tr","p":{"a":0,"k":[0,0],"ix":2},"a":{"a":0,"k":[0,0],"ix":1},"s":{"a":0,"k":[100,100],"ix":3},"r":{"a":0,"k":0,"ix":6},"o":{"a":0,"k":100,"ix":7},"sk":{"a":0,"k":0,"ix":4},"sa":{"a":0,"k":0,"ix":5},"nm":"变换"}],"nm":".","np":3,"cix":2,"bm":0,"ix":7,"mn":"ADBE Vector Group","hd":false},{"ty":"gr","it":[{"ind":0,"ty":"sh","ix":1,"ks":{"a":0,"k":{"i":[[0.411,0],[0.29,-0.29],[0,-0.411],[-0.29,-0.29],[-0.411,0],[-0.29,0.266],[0,0.435],[0.29,0.266]],"o":[[-0.411,0],[-0.29,0.266],[0,0.411],[0.29,0.266],[0.387,0],[0.29,-0.266],[0,-0.411],[-0.29,-0.29]],"v":[[153.526,-2.876],[152.487,-2.465],[152.052,-1.45],[152.487,-0.411],[153.526,0],[154.566,-0.411],[155.001,-1.45],[154.566,-2.465]],"c":true},"ix":2},"nm":".","mn":"ADBE Vector Shape - Group","hd":false},{"ty":"fl","c":{"a":0,"k":[1,1,1,1],"ix":4},"o":{"a":0,"k":100,"ix":5},"r":1,"bm":0,"nm":"填充 1","mn":"ADBE Vector Graphic - Fill","hd":false},{"ty":"tr","p":{"a":0,"k":[0,0],"ix":2},"a":{"a":0,"k":[0,0],"ix":1},"s":{"a":0,"k":[100,100],"ix":3},"r":{"a":0,"k":0,"ix":6},"o":{"a":0,"k":100,"ix":7},"sk":{"a":0,"k":0,"ix":4},"sa":{"a":0,"k":0,"ix":5},"nm":"变换"}],"nm":".","np":3,"cix":2,"bm":0,"ix":8,"mn":"ADBE Vector Group","hd":false},{"ty":"gr","it":[{"ind":0,"ty":"sh","ix":1,"ks":{"a":0,"k":{"i":[[0.411,0],[0.29,-0.29],[0,-0.411],[-0.29,-0.29],[-0.411,0],[-0.29,0.266],[0,0.435],[0.29,0.266]],"o":[[-0.411,0],[-0.29,0.266],[0,0.411],[0.29,0.266],[0.387,0],[0.29,-0.266],[0,-0.411],[-0.29,-0.29]],"v":[[159.862,-2.876],[158.823,-2.465],[158.388,-1.45],[158.823,-0.411],[159.862,0],[160.901,-0.411],[161.336,-1.45],[160.901,-2.465]],"c":true},"ix":2},"nm":".","mn":"ADBE Vector Shape - Group","hd":false},{"ty":"fl","c":{"a":0,"k":[1,1,1,1],"ix":4},"o":{"a":0,"k":100,"ix":5},"r":1,"bm":0,"nm":"填充 1","mn":"ADBE Vector Graphic - Fill","hd":false},{"ty":"tr","p":{"a":0,"k":[0,0],"ix":2},"a":{"a":0,"k":[0,0],"ix":1},"s":{"a":0,"k":[100,100],"ix":3},"r":{"a":0,"k":0,"ix":6},"o":{"a":0,"k":100,"ix":7},"sk":{"a":0,"k":0,"ix":4},"sa":{"a":0,"k":0,"ix":5},"nm":"变换"}],"nm":".","np":3,"cix":2,"bm":0,"ix":9,"mn":"ADBE Vector Group","hd":false}],"ip":50,"op":75,"st":50,"bm":0},{"ddd":0,"ind":2,"ty":4,"nm":"“增强图片层次...”轮廓","sr":1,"ks":{"o":{"a":1,"k":[{"i":{"x":[0.833],"y":[0.833]},"o":{"x":[0.167],"y":[0.167]},"t":25,"s":[0]},{"i":{"x":[0.833],"y":[0.833]},"o":{"x":[0.167],"y":[0.167]},"t":32,"s":[100]},{"i":{"x":[0.833],"y":[0.833]},"o":{"x":[0.167],"y":[0.167]},"t":40,"s":[100]},{"t":50,"s":[0]}],"ix":11},"r":{"a":0,"k":0,"ix":10},"p":{"a":1,"k":[{"i":{"x":0.58,"y":1},"o":{"x":0.001,"y":0},"t":25,"s":[319.5,50,0],"to":[0,-3.833,0],"ti":[0,3.833,0]},{"i":{"x":0.833,"y":0.833},"o":{"x":0.167,"y":0.167},"t":35,"s":[319.5,27,0],"to":[0,0,0],"ti":[0,0,0]},{"i":{"x":0.6,"y":0.2},"o":{"x":0.26,"y":0},"t":40,"s":[319.5,27,0],"to":[0,-3.333,0],"ti":[0,3.333,0]},{"t":50,"s":[319.5,7,0]}],"ix":2},"a":{"a":0,"k":[81.5,-8.625,0],"ix":1},"s":{"a":1,"k":[{"i":{"x":[0.6,0.6,0.6],"y":[0.2,0.2,1]},"o":{"x":[0.26,0.26,0.26],"y":[0,0,0]},"t":40,"s":[100,100,100]},{"t":50,"s":[80,80,100]}],"ix":6}},"ao":0,"shapes":[{"ty":"gr","it":[{"ind":0,"ty":"sh","ix":1,"ks":{"a":0,"k":{"i":[[0,0],[0,0],[0,0],[0,0],[0.943,-0.218],[0,0],[-2.127,1.063],[0,0],[0.943,-0.387],[0,0],[0,0],[0,0],[0,0],[0,0],[0,0],[0,0]],"o":[[0,0],[0,0],[0,0],[-0.918,0.29],[0,0],[2.441,-0.725],[0,0],[-0.918,0.483],[0,0],[0,0],[0,0],[0,0],[0,0],[0,0],[0,0],[0,0]],"v":[[1.184,-13.293],[1.184,-11.65],[3.819,-11.65],[3.819,-2.997],[1.039,-2.224],[1.474,-0.508],[8.339,-3.19],[8.339,-4.931],[5.535,-3.625],[5.535,-11.65],[7.976,-11.65],[7.976,-13.293],[5.535,-13.293],[5.535,-19.626],[3.819,-19.626],[3.819,-13.293]],"c":true},"ix":2},"nm":"增","mn":"ADBE Vector Shape - Group","hd":false},{"ind":1,"ty":"sh","ix":2,"ks":{"a":0,"k":{"i":[[0.338,0.894],[0,0],[-0.338,-1.015],[0,0],[0,0],[0,0],[0,0],[0,0],[-0.242,1.063],[0,0],[0.435,-1.039],[0,0]],"o":[[0,0],[0.435,0.846],[0,0],[0,0],[0,0],[0,0],[0,0],[0.411,-0.918],[0,0],[-0.193,1.112],[0,0],[-0.338,-1.16]],"v":[[12.907,-19.723],[11.167,-19.433],[12.327,-16.653],[9.015,-16.653],[9.015,-8.508],[22.26,-8.508],[22.26,-16.653],[19.07,-16.653],[20.037,-19.65],[18.297,-19.892],[17.354,-16.653],[13.946,-16.653]],"c":true},"ix":2},"nm":"增","mn":"ADBE Vector Shape - Group","hd":false},{"ind":2,"ty":"sh","ix":3,"ks":{"a":0,"k":{"i":[[0,0],[0,0],[0,0],[0,0]],"o":[[0,0],[0,0],[0,0],[0,0]],"v":[[20.738,-9.934],[16.266,-9.934],[16.266,-15.203],[20.738,-15.203]],"c":true},"ix":2},"nm":"增","mn":"ADBE Vector Shape - Group","hd":false},{"ind":3,"ty":"sh","ix":4,"ks":{"a":0,"k":{"i":[[0,0],[0,0],[0,0],[0,0]],"o":[[0,0],[0,0],[0,0],[0,0]],"v":[[14.889,-9.934],[10.538,-9.934],[10.538,-15.203],[14.889,-15.203]],"c":true},"ix":2},"nm":"增","mn":"ADBE Vector Shape - Group","hd":false},{"ind":4,"ty":"sh","ix":5,"ks":{"a":0,"k":{"i":[[0.411,0.918],[0,0],[-0.314,-1.063],[0,0]],"o":[[0,0],[0.435,0.967],[0,0],[-0.338,-1.184]],"v":[[12.738,-14.212],[11.602,-13.849],[12.738,-10.78],[13.874,-11.07]],"c":true},"ix":2},"nm":"增","mn":"ADBE Vector Shape - Group","hd":false},{"ind":5,"ty":"sh","ix":6,"ks":{"a":0,"k":{"i":[[0,0],[0.435,-0.846],[0,0],[-0.314,1.257]],"o":[[-0.338,1.305],[0,0],[0.483,-0.967],[0,0]],"v":[[18.417,-14.333],[17.281,-11.118],[18.393,-10.707],[19.602,-14.043]],"c":true},"ix":2},"nm":"增","mn":"ADBE Vector Shape - Group","hd":false},{"ind":6,"ty":"sh","ix":7,"ks":{"a":0,"k":{"i":[[0,0],[0,0],[0,0],[0,0],[0,0],[0,0],[0,0],[0,0]],"o":[[0,0],[0,0],[0,0],[0,0],[0,0],[0,0],[0,0],[0,0]],"v":[[21.39,-6.888],[9.982,-6.888],[9.982,2.441],[11.65,2.441],[11.65,1.426],[19.723,1.426],[19.723,2.441],[21.39,2.441]],"c":true},"ix":2},"nm":"增","mn":"ADBE Vector Shape - Group","hd":false},{"ind":7,"ty":"sh","ix":8,"ks":{"a":0,"k":{"i":[[0,0],[0,0],[0,0],[0,0]],"o":[[0,0],[0,0],[0,0],[0,0]],"v":[[11.65,0],[11.65,-2.054],[19.723,-2.054],[19.723,0]],"c":true},"ix":2},"nm":"增","mn":"ADBE Vector Shape - Group","hd":false},{"ind":8,"ty":"sh","ix":9,"ks":{"a":0,"k":{"i":[[0,0],[0,0],[0,0],[0,0]],"o":[[0,0],[0,0],[0,0],[0,0]],"v":[[11.65,-3.408],[11.65,-5.462],[19.723,-5.462],[19.723,-3.408]],"c":true},"ix":2},"nm":"增","mn":"ADBE Vector Shape - Group","hd":false},{"ty":"mm","mm":1,"nm":"合并路径 1","mn":"ADBE Vector Filter - Merge","hd":false},{"ty":"fl","c":{"a":0,"k":[1,1,1,1],"ix":4},"o":{"a":0,"k":100,"ix":5},"r":1,"bm":0,"nm":"填充 1","mn":"ADBE Vector Graphic - Fill","hd":false},{"ty":"tr","p":{"a":0,"k":[0,0],"ix":2},"a":{"a":0,"k":[0,0],"ix":1},"s":{"a":0,"k":[100,100],"ix":3},"r":{"a":0,"k":0,"ix":6},"o":{"a":0,"k":100,"ix":7},"sk":{"a":0,"k":0,"ix":4},"sa":{"a":0,"k":0,"ix":5},"nm":"变换"}],"nm":"增","np":12,"cix":2,"bm":0,"ix":1,"mn":"ADBE Vector Group","hd":false},{"ty":"gr","it":[{"ind":0,"ty":"sh","ix":1,"ks":{"a":0,"k":{"i":[[0,0],[0,0],[0,0],[0,0],[1.958,-0.145],[0,0],[-3.408,0.532],[-0.193,-0.653],[0,0],[0.894,1.982],[0,0],[-0.29,-0.725],[1.088,-0.145],[0,0],[0,0],[0,0],[0,0],[0,0],[0,0],[0,0],[0,0],[0,0],[0,0],[0,0]],"o":[[0,0],[0,0],[0,0],[-1.885,0.193],[0,0],[3.843,-0.387],[0.218,0.628],[0,0],[-0.483,-1.644],[0,0],[0.314,0.725],[-1.063,0.145],[0,0],[0,0],[0,0],[0,0],[0,0],[0,0],[0,0],[0,0],[0,0],[0,0],[0,0],[0,0]],"v":[[34.127,-10.683],[34.127,-4.157],[39.251,-4.157],[39.251,-0.266],[33.475,0.266],[33.885,1.934],[44.762,0.58],[45.39,2.49],[46.913,1.909],[44.859,-3.553],[43.288,-3.118],[44.206,-0.943],[40.991,-0.483],[40.991,-4.157],[46.091,-4.157],[46.091,-10.683],[40.991,-10.683],[40.991,-12.738],[45.27,-12.738],[45.27,-18.78],[34.997,-18.78],[34.997,-12.738],[39.251,-12.738],[39.251,-10.683]],"c":true},"ix":2},"nm":"强","mn":"ADBE Vector Shape - Group","hd":false},{"ind":1,"ty":"sh","ix":2,"ks":{"a":0,"k":{"i":[[0,0],[0,0],[0,0],[0,0]],"o":[[0,0],[0,0],[0,0],[0,0]],"v":[[44.496,-5.656],[40.991,-5.656],[40.991,-9.185],[44.496,-9.185]],"c":true},"ix":2},"nm":"强","mn":"ADBE Vector Shape - Group","hd":false},{"ind":2,"ty":"sh","ix":3,"ks":{"a":0,"k":{"i":[[0,0],[0,0],[0,0],[0,0]],"o":[[0,0],[0,0],[0,0],[0,0]],"v":[[39.251,-5.656],[35.698,-5.656],[35.698,-9.185],[39.251,-9.185]],"c":true},"ix":2},"nm":"强","mn":"ADBE Vector Shape - Group","hd":false},{"ind":3,"ty":"sh","ix":4,"ks":{"a":0,"k":{"i":[[0,0],[0,0],[0,0],[0,0],[0,0],[0,0],[0,0],[0,0],[0,0],[0,0],[0.193,-0.918],[1.354,0],[0.628,0.048],[0,0],[-0.628,0],[-0.29,1.378],[0,4.012],[0,0]],"o":[[0,0],[0,0],[0,0],[0,0],[0,0],[0,0],[0,0],[0,0],[0,0],[0,2.876],[-0.218,0.87],[-0.628,0],[0,0],[0.628,0.048],[2.103,-0.097],[0.242,-1.257],[0,0],[0,0]],"v":[[27.867,-11.795],[32.242,-11.795],[32.242,-18.78],[25.837,-18.78],[25.837,-17.161],[30.598,-17.161],[30.598,-13.366],[26.369,-13.366],[25.619,-6.357],[30.84,-6.357],[30.526,-0.677],[28.157,0.653],[26.272,0.556],[26.683,2.151],[28.544,2.248],[32.145,0.048],[32.532,-7.879],[27.384,-7.879]],"c":true},"ix":2},"nm":"强","mn":"ADBE Vector Shape - Group","hd":false},{"ind":4,"ty":"sh","ix":5,"ks":{"a":0,"k":{"i":[[0,0],[0,0],[0,0],[0,0]],"o":[[0,0],[0,0],[0,0],[0,0]],"v":[[43.674,-14.212],[36.617,-14.212],[36.617,-17.33],[43.674,-17.33]],"c":true},"ix":2},"nm":"强","mn":"ADBE Vector Shape - Group","hd":false},{"ty":"mm","mm":1,"nm":"合并路径 1","mn":"ADBE Vector Filter - Merge","hd":false},{"ty":"fl","c":{"a":0,"k":[1,1,1,1],"ix":4},"o":{"a":0,"k":100,"ix":5},"r":1,"bm":0,"nm":"填充 1","mn":"ADBE Vector Graphic - Fill","hd":false},{"ty":"tr","p":{"a":0,"k":[0,0],"ix":2},"a":{"a":0,"k":[0,0],"ix":1},"s":{"a":0,"k":[100,100],"ix":3},"r":{"a":0,"k":0,"ix":6},"o":{"a":0,"k":100,"ix":7},"sk":{"a":0,"k":0,"ix":4},"sa":{"a":0,"k":0,"ix":5},"nm":"变换"}],"nm":"强","np":8,"cix":2,"bm":0,"ix":2,"mn":"ADBE Vector Group","hd":false},{"ty":"gr","it":[{"ind":0,"ty":"sh","ix":1,"ks":{"a":0,"k":{"i":[[0,0],[2.199,-1.305],[0,0],[-0.725,0.677],[-0.943,-0.628],[2.49,-0.435],[0,0],[-1.861,0.991],[-2.344,-0.628],[0,0],[1.619,0.773],[-0.677,1.281],[0,0],[0,0],[-0.193,0.459]],"o":[[-0.773,1.837],[0,0],[0.918,-0.58],[0.677,0.725],[-1.692,0.798],[0,0],[2.755,-0.604],[1.692,0.943],[0,0],[-2.079,-0.483],[1.378,-0.967],[0,0],[0,0],[0.242,-0.435],[0,0]],"v":[[57.765,-16.605],[53.293,-11.892],[54.26,-10.635],[56.725,-12.52],[59.167,-10.49],[52.882,-8.629],[53.656,-7.227],[60.568,-9.62],[66.611,-7.275],[67.529,-8.58],[61.994,-10.49],[65.064,-13.874],[65.064,-15.082],[58.683,-15.082],[59.312,-16.411]],"c":true},"ix":2},"nm":"图","mn":"ADBE Vector Shape - Group","hd":false},{"ind":1,"ty":"sh","ix":2,"ks":{"a":0,"k":{"i":[[1.184,-0.725],[0.846,0.822],[-0.097,0.097],[0,0]],"o":[[-1.112,-0.677],[0.048,-0.097],[0,0],[-0.653,0.967]],"v":[[60.568,-11.239],[57.62,-13.487],[57.837,-13.777],[63.324,-13.777]],"c":true},"ix":2},"nm":"图","mn":"ADBE Vector Shape - Group","hd":false},{"ind":2,"ty":"sh","ix":3,"ks":{"a":0,"k":{"i":[[3.215,0.604],[0,0],[-2.997,-1.16],[0,0]],"o":[[0,0],[3.239,0.628],[0,0],[-2.949,-1.112]],"v":[[55.783,-4.737],[55.106,-3.432],[64.46,-0.749],[65.04,-2.151]],"c":true},"ix":2},"nm":"图","mn":"ADBE Vector Shape - Group","hd":false},{"ind":3,"ty":"sh","ix":4,"ks":{"a":0,"k":{"i":[[1.885,0.628],[0,0],[-1.668,-1.015],[0,0]],"o":[[0,0],[1.789,0.58],[0,0],[-1.571,-0.87]],"v":[[58.296,-8.121],[57.499,-6.961],[62.671,-4.592],[63.493,-5.849]],"c":true},"ix":2},"nm":"图","mn":"ADBE Vector Shape - Group","hd":false},{"ind":4,"ty":"sh","ix":5,"ks":{"a":0,"k":{"i":[[0,0],[0,0],[0,0],[0,0],[0,0],[0,0],[0,0],[0,0]],"o":[[0,0],[0,0],[0,0],[0,0],[0,0],[0,0],[0,0],[0,0]],"v":[[69.946,-18.683],[50.224,-18.683],[50.224,2.417],[51.916,2.417],[51.916,1.426],[68.254,1.426],[68.254,2.417],[69.946,2.417]],"c":true},"ix":2},"nm":"图","mn":"ADBE Vector Shape - Group","hd":false},{"ind":5,"ty":"sh","ix":6,"ks":{"a":0,"k":{"i":[[0,0],[0,0],[0,0],[0,0]],"o":[[0,0],[0,0],[0,0],[0,0]],"v":[[51.916,-0.121],[51.916,-17.136],[68.254,-17.136],[68.254,-0.121]],"c":true},"ix":2},"nm":"图","mn":"ADBE Vector Shape - Group","hd":false},{"ty":"mm","mm":1,"nm":"合并路径 1","mn":"ADBE Vector Filter - Merge","hd":false},{"ty":"fl","c":{"a":0,"k":[1,1,1,1],"ix":4},"o":{"a":0,"k":100,"ix":5},"r":1,"bm":0,"nm":"填充 1","mn":"ADBE Vector Graphic - Fill","hd":false},{"ty":"tr","p":{"a":0,"k":[0,0],"ix":2},"a":{"a":0,"k":[0,0],"ix":1},"s":{"a":0,"k":[100,100],"ix":3},"r":{"a":0,"k":0,"ix":6},"o":{"a":0,"k":100,"ix":7},"sk":{"a":0,"k":0,"ix":4},"sa":{"a":0,"k":0,"ix":5},"nm":"变换"}],"nm":"图","np":9,"cix":2,"bm":0,"ix":3,"mn":"ADBE Vector Group","hd":false},{"ty":"gr","it":[{"ind":0,"ty":"sh","ix":1,"ks":{"a":0,"k":{"i":[[-0.532,3.577],[0,0],[0,0],[0,0],[0,0],[0,0],[-0.024,0.87],[0,0],[0,0],[0,0],[0,0],[0,0],[0,0],[0,0],[0,0],[0,0],[0,0],[0,0],[2.224,-2.344],[0,0]],"o":[[0,0],[0,0],[0,0],[0,0],[0,0],[0.048,-0.798],[0,0],[0,0],[0,0],[0,0],[0,0],[0,0],[0,0],[0,0],[0,0],[0,0],[0,0],[-0.024,5.172],[0,0],[1.837,-1.934]],"v":[[78.453,-6.284],[87.904,-6.284],[87.904,2.465],[89.668,2.465],[89.668,-7.952],[78.623,-7.952],[78.743,-10.441],[78.743,-12.133],[94.696,-12.133],[94.696,-13.825],[88.025,-13.825],[88.025,-19.747],[86.333,-19.747],[86.333,-13.825],[78.743,-13.825],[78.743,-19.457],[76.955,-19.457],[76.955,-10.441],[73.595,0.846],[74.9,2.006]],"c":true},"ix":2},"nm":"片","mn":"ADBE Vector Shape - Group","hd":false},{"ty":"fl","c":{"a":0,"k":[1,1,1,1],"ix":4},"o":{"a":0,"k":100,"ix":5},"r":1,"bm":0,"nm":"填充 1","mn":"ADBE Vector Graphic - Fill","hd":false},{"ty":"tr","p":{"a":0,"k":[0,0],"ix":2},"a":{"a":0,"k":[0,0],"ix":1},"s":{"a":0,"k":[100,100],"ix":3},"r":{"a":0,"k":0,"ix":6},"o":{"a":0,"k":100,"ix":7},"sk":{"a":0,"k":0,"ix":4},"sa":{"a":0,"k":0,"ix":5},"nm":"变换"}],"nm":"片","np":3,"cix":2,"bm":0,"ix":4,"mn":"ADBE Vector Group","hd":false},{"ty":"gr","it":[{"ind":0,"ty":"sh","ix":1,"ks":{"a":0,"k":{"i":[[0,0],[0,0],[0,0],[0,0]],"o":[[0,0],[0,0],[0,0],[0,0]],"v":[[103.831,-10.49],[103.831,-8.943],[116.955,-8.943],[116.955,-10.49]],"c":true},"ix":2},"nm":"层","mn":"ADBE Vector Shape - Group","hd":false},{"ind":1,"ty":"sh","ix":2,"ks":{"a":0,"k":{"i":[[0,0],[0,0],[0,0],[1.063,-0.628],[0.145,-0.048],[0,0],[-3.843,0.532],[-0.387,-0.628],[0,0],[1.982,2.103],[0,0],[-0.677,-0.798],[3.142,-0.242],[-1.45,2.369],[0,0],[0,0]],"o":[[0,0],[0,0],[-1.74,2.731],[-0.097,0.048],[0,0],[4.544,-0.29],[0.483,0.628],[0,0],[-1.063,-1.547],[0,0],[0.725,0.822],[-3.142,0.459],[1.112,-1.015],[0,0],[0,0],[0,0]],"v":[[102.139,-6.55],[102.139,-4.955],[107.432,-4.955],[103.251,0.073],[102.888,0.242],[103.275,1.716],[115.868,0.483],[117.173,2.369],[118.575,1.378],[113.982,-4.109],[112.701,-3.311],[114.804,-0.894],[105.402,0.145],[109.269,-4.955],[118.526,-4.955],[118.526,-6.55]],"c":true},"ix":2},"nm":"层","mn":"ADBE Vector Shape - Group","hd":false},{"ind":2,"ty":"sh","ix":3,"ks":{"a":0,"k":{"i":[[0,0],[0,0],[0,0],[0,0]],"o":[[0,0],[0,0],[0,0],[0,0]],"v":[[115.578,-17.161],[115.578,-14.357],[101.39,-14.357],[101.39,-17.161]],"c":true},"ix":2},"nm":"层","mn":"ADBE Vector Shape - Group","hd":false},{"ind":3,"ty":"sh","ix":4,"ks":{"a":0,"k":{"i":[[0,0],[0,0],[0,0],[0,0],[0,0],[1.668,-3.07],[0,0],[-0.024,5.052]],"o":[[0,0],[0,0],[0,0],[0,0],[-0.024,4.858],[0,0],[1.982,-3.625],[0,0]],"v":[[101.39,-12.786],[117.27,-12.786],[117.27,-18.78],[99.674,-18.78],[99.674,-10.78],[97.136,1.112],[98.393,2.248],[101.39,-10.78]],"c":true},"ix":2},"nm":"层","mn":"ADBE Vector Shape - Group","hd":false},{"ty":"mm","mm":1,"nm":"合并路径 1","mn":"ADBE Vector Filter - Merge","hd":false},{"ty":"fl","c":{"a":0,"k":[1,1,1,1],"ix":4},"o":{"a":0,"k":100,"ix":5},"r":1,"bm":0,"nm":"填充 1","mn":"ADBE Vector Graphic - Fill","hd":false},{"ty":"tr","p":{"a":0,"k":[0,0],"ix":2},"a":{"a":0,"k":[0,0],"ix":1},"s":{"a":0,"k":[100,100],"ix":3},"r":{"a":0,"k":0,"ix":6},"o":{"a":0,"k":100,"ix":7},"sk":{"a":0,"k":0,"ix":4},"sa":{"a":0,"k":0,"ix":5},"nm":"变换"}],"nm":"层","np":7,"cix":2,"bm":0,"ix":5,"mn":"ADBE Vector Group","hd":false},{"ty":"gr","it":[{"ind":0,"ty":"sh","ix":1,"ks":{"a":0,"k":{"i":[[-0.725,2.127],[0,0],[0.822,-1.547],[0,0],[-0.532,2.175],[0,0],[0,0],[-0.193,1.233],[0,0],[2.03,-2.32],[0,0]],"o":[[0,0],[-0.508,1.982],[0,0],[0.87,-2.103],[0,0],[0,0],[0.29,-1.063],[0,0],[-0.556,4.109],[0,0],[1.208,-1.354]],"v":[[132.157,-14.357],[140.206,-14.357],[138.224,-9.04],[140.013,-8.532],[142.115,-14.937],[142.115,-16.121],[132.689,-16.121],[133.39,-19.578],[131.65,-19.868],[127.783,-10.2],[129.257,-9.16]],"c":true},"ix":2},"nm":"次","mn":"ADBE Vector Shape - Group","hd":false},{"ind":1,"ty":"sh","ix":2,"ks":{"a":0,"k":{"i":[[1.837,2.224],[0,0],[-1.063,-1.789],[0,0]],"o":[[0,0],[1.789,2.151],[0,0],[-0.991,-1.668]],"v":[[122.755,-19.094],[121.257,-18.127],[125.511,-12.23],[126.985,-13.245]],"c":true},"ix":2},"nm":"次","mn":"ADBE Vector Shape - Group","hd":false},{"ind":2,"ty":"sh","ix":3,"ks":{"a":0,"k":{"i":[[0,0],[1.644,-3.263],[0,0],[-1.208,3.601]],"o":[[-1.184,3.432],[0,0],[1.499,-3.19],[0,0]],"v":[[125.462,-8.991],[121.233,1.039],[122.997,1.813],[127.082,-8.363]],"c":true},"ix":2},"nm":"次","mn":"ADBE Vector Shape - Group","hd":false},{"ind":3,"ty":"sh","ix":4,"ks":{"a":0,"k":{"i":[[0,0],[0.749,-2.03],[3.021,-1.595],[0,0],[-0.967,2.876],[-0.097,0.338],[-3.045,-2.175],[0,0],[1.45,3.891],[0,1.571]],"o":[[0,3.118],[-0.967,2.369],[0,0],[3.432,-1.837],[0.097,-0.314],[1.523,3.19],[0,0],[-3.601,-2.272],[0.193,-1.329],[0,0]],"v":[[134.188,-12.665],[133.052,-4.931],[127.058,1.015],[128.242,2.49],[134.84,-4.592],[135.13,-5.559],[141.97,2.465],[143.251,0.943],[135.686,-8.314],[135.976,-12.665]],"c":true},"ix":2},"nm":"次","mn":"ADBE Vector Shape - Group","hd":false},{"ty":"mm","mm":1,"nm":"合并路径 1","mn":"ADBE Vector Filter - Merge","hd":false},{"ty":"fl","c":{"a":0,"k":[1,1,1,1],"ix":4},"o":{"a":0,"k":100,"ix":5},"r":1,"bm":0,"nm":"填充 1","mn":"ADBE Vector Graphic - Fill","hd":false},{"ty":"tr","p":{"a":0,"k":[0,0],"ix":2},"a":{"a":0,"k":[0,0],"ix":1},"s":{"a":0,"k":[100,100],"ix":3},"r":{"a":0,"k":0,"ix":6},"o":{"a":0,"k":100,"ix":7},"sk":{"a":0,"k":0,"ix":4},"sa":{"a":0,"k":0,"ix":5},"nm":"变换"}],"nm":"次","np":7,"cix":2,"bm":0,"ix":6,"mn":"ADBE Vector Group","hd":false},{"ty":"gr","it":[{"ind":0,"ty":"sh","ix":1,"ks":{"a":0,"k":{"i":[[0.411,0],[0.29,-0.29],[0,-0.411],[-0.29,-0.29],[-0.411,0],[-0.29,0.266],[0,0.435],[0.29,0.266]],"o":[[-0.411,0],[-0.29,0.266],[0,0.411],[0.29,0.266],[0.387,0],[0.29,-0.266],[0,-0.411],[-0.29,-0.29]],"v":[[147.19,-2.876],[146.151,-2.465],[145.716,-1.45],[146.151,-0.411],[147.19,0],[148.23,-0.411],[148.665,-1.45],[148.23,-2.465]],"c":true},"ix":2},"nm":".","mn":"ADBE Vector Shape - Group","hd":false},{"ty":"fl","c":{"a":0,"k":[1,1,1,1],"ix":4},"o":{"a":0,"k":100,"ix":5},"r":1,"bm":0,"nm":"填充 1","mn":"ADBE Vector Graphic - Fill","hd":false},{"ty":"tr","p":{"a":0,"k":[0,0],"ix":2},"a":{"a":0,"k":[0,0],"ix":1},"s":{"a":0,"k":[100,100],"ix":3},"r":{"a":0,"k":0,"ix":6},"o":{"a":0,"k":100,"ix":7},"sk":{"a":0,"k":0,"ix":4},"sa":{"a":0,"k":0,"ix":5},"nm":"变换"}],"nm":".","np":3,"cix":2,"bm":0,"ix":7,"mn":"ADBE Vector Group","hd":false},{"ty":"gr","it":[{"ind":0,"ty":"sh","ix":1,"ks":{"a":0,"k":{"i":[[0.411,0],[0.29,-0.29],[0,-0.411],[-0.29,-0.29],[-0.411,0],[-0.29,0.266],[0,0.435],[0.29,0.266]],"o":[[-0.411,0],[-0.29,0.266],[0,0.411],[0.29,0.266],[0.387,0],[0.29,-0.266],[0,-0.411],[-0.29,-0.29]],"v":[[153.526,-2.876],[152.487,-2.465],[152.052,-1.45],[152.487,-0.411],[153.526,0],[154.566,-0.411],[155.001,-1.45],[154.566,-2.465]],"c":true},"ix":2},"nm":".","mn":"ADBE Vector Shape - Group","hd":false},{"ty":"fl","c":{"a":0,"k":[1,1,1,1],"ix":4},"o":{"a":0,"k":100,"ix":5},"r":1,"bm":0,"nm":"填充 1","mn":"ADBE Vector Graphic - Fill","hd":false},{"ty":"tr","p":{"a":0,"k":[0,0],"ix":2},"a":{"a":0,"k":[0,0],"ix":1},"s":{"a":0,"k":[100,100],"ix":3},"r":{"a":0,"k":0,"ix":6},"o":{"a":0,"k":100,"ix":7},"sk":{"a":0,"k":0,"ix":4},"sa":{"a":0,"k":0,"ix":5},"nm":"变换"}],"nm":".","np":3,"cix":2,"bm":0,"ix":8,"mn":"ADBE Vector Group","hd":false},{"ty":"gr","it":[{"ind":0,"ty":"sh","ix":1,"ks":{"a":0,"k":{"i":[[0.411,0],[0.29,-0.29],[0,-0.411],[-0.29,-0.29],[-0.411,0],[-0.29,0.266],[0,0.435],[0.29,0.266]],"o":[[-0.411,0],[-0.29,0.266],[0,0.411],[0.29,0.266],[0.387,0],[0.29,-0.266],[0,-0.411],[-0.29,-0.29]],"v":[[159.862,-2.876],[158.823,-2.465],[158.388,-1.45],[158.823,-0.411],[159.862,0],[160.901,-0.411],[161.336,-1.45],[160.901,-2.465]],"c":true},"ix":2},"nm":".","mn":"ADBE Vector Shape - Group","hd":false},{"ty":"fl","c":{"a":0,"k":[1,1,1,1],"ix":4},"o":{"a":0,"k":100,"ix":5},"r":1,"bm":0,"nm":"填充 1","mn":"ADBE Vector Graphic - Fill","hd":false},{"ty":"tr","p":{"a":0,"k":[0,0],"ix":2},"a":{"a":0,"k":[0,0],"ix":1},"s":{"a":0,"k":[100,100],"ix":3},"r":{"a":0,"k":0,"ix":6},"o":{"a":0,"k":100,"ix":7},"sk":{"a":0,"k":0,"ix":4},"sa":{"a":0,"k":0,"ix":5},"nm":"变换"}],"nm":".","np":3,"cix":2,"bm":0,"ix":9,"mn":"ADBE Vector Group","hd":false}],"ip":25,"op":50,"st":25,"bm":0},{"ddd":0,"ind":3,"ty":4,"nm":"“优化曝光分布...”轮廓","sr":1,"ks":{"o":{"a":1,"k":[{"i":{"x":[0.833],"y":[0.833]},"o":{"x":[0.167],"y":[0.167]},"t":0,"s":[0]},{"i":{"x":[0.833],"y":[0.833]},"o":{"x":[0.167],"y":[0.167]},"t":7,"s":[100]},{"i":{"x":[0.833],"y":[0.833]},"o":{"x":[0.167],"y":[0.167]},"t":15,"s":[100]},{"t":25,"s":[0]}],"ix":11},"r":{"a":0,"k":0,"ix":10},"p":{"a":1,"k":[{"i":{"x":0.58,"y":1},"o":{"x":0.001,"y":0},"t":0,"s":[319.5,50,0],"to":[0,-3.833,0],"ti":[0,3.833,0]},{"i":{"x":0.833,"y":0.833},"o":{"x":0.167,"y":0.167},"t":10,"s":[319.5,27,0],"to":[0,0,0],"ti":[0,0,0]},{"i":{"x":0.6,"y":0.2},"o":{"x":0.26,"y":0},"t":15,"s":[319.5,27,0],"to":[0,-3.333,0],"ti":[0,3.333,0]},{"t":25,"s":[319.5,7,0]}],"ix":2},"a":{"a":0,"k":[81.5,-8.625,0],"ix":1},"s":{"a":1,"k":[{"i":{"x":[0.6,0.6,0.6],"y":[0.2,0.2,1]},"o":{"x":[0.26,0.26,0.26],"y":[0,0,0]},"t":15,"s":[100,100,100]},{"t":25,"s":[80,80,100]}],"ix":6}},"ao":0,"shapes":[{"ty":"gr","it":[{"ind":0,"ty":"sh","ix":1,"ks":{"a":0,"k":{"i":[[-0.846,1.16],[0,0],[0,0],[0,0],[-0.58,1.74],[0,0],[2.61,-2.9],[0,0]],"o":[[0,0],[0,0],[0,0],[0.87,-1.571],[0,0],[-1.184,3.722],[0,0],[1.015,-1.039]],"v":[[4.181,-11.312],[4.181,2.417],[5.922,2.417],[5.922,-13.97],[8.121,-18.949],[6.55,-19.674],[0.87,-9.74],[1.378,-8]],"c":true},"ix":2},"nm":"优","mn":"ADBE Vector Shape - Group","hd":false},{"ind":1,"ty":"sh","ix":2,"ks":{"a":0,"k":{"i":[[0,0],[0,0],[0,0],[3.239,-2.949],[0,0],[-0.532,6.453],[0,0],[0,0],[-1.281,0],[0,0],[-0.338,0.435],[-0.169,2.562],[0,0],[0.218,-0.363],[0.266,0],[0,0],[0,0.483],[0,0],[0,0],[0,0],[0,0],[0,0.483],[0,0],[0,0],[0,0],[0.024,-0.483]],"o":[[0,0],[0,0],[-0.532,5.994],[0,0],[3.48,-3.215],[0,0],[0,0],[0,1.329],[0,0],[0.628,-0.024],[0.338,-0.532],[0,0],[-0.073,2.224],[-0.193,0.266],[0,0],[-0.483,0],[0,0],[0,0],[0,0],[0,0],[0.024,-0.483],[0,0],[0,0],[0,0],[0,0.483],[0,0]],"v":[[7.662,-13.849],[7.662,-12.157],[12.544,-12.157],[6.888,1.233],[8.169,2.344],[14.212,-12.157],[15.735,-12.157],[15.735,0.024],[17.644,2.03],[20.641,2.03],[22.115,1.329],[22.889,-3.335],[21.318,-3.843],[20.883,0.024],[20.206,0.435],[18.103,0.435],[17.402,-0.29],[17.402,-12.157],[22.43,-12.157],[22.43,-13.849],[14.309,-13.849],[14.357,-15.3],[14.357,-19.674],[12.689,-19.674],[12.689,-15.3],[12.641,-13.849]],"c":true},"ix":2},"nm":"优","mn":"ADBE Vector Shape - Group","hd":false},{"ind":2,"ty":"sh","ix":3,"ks":{"a":0,"k":{"i":[[1.499,1.039],[0,0],[-0.918,-1.039],[0,0]],"o":[[0,0],[1.595,1.136],[0,0],[-1.015,-1.063]],"v":[[17.523,-19.239],[16.387,-18.152],[20.134,-14.889],[21.318,-16.073]],"c":true},"ix":2},"nm":"优","mn":"ADBE Vector Shape - Group","hd":false},{"ty":"mm","mm":1,"nm":"合并路径 1","mn":"ADBE Vector Filter - Merge","hd":false},{"ty":"fl","c":{"a":0,"k":[1,1,1,1],"ix":4},"o":{"a":0,"k":100,"ix":5},"r":1,"bm":0,"nm":"填充 1","mn":"ADBE Vector Graphic - Fill","hd":false},{"ty":"tr","p":{"a":0,"k":[0,0],"ix":2},"a":{"a":0,"k":[0,0],"ix":1},"s":{"a":0,"k":[100,100],"ix":3},"r":{"a":0,"k":0,"ix":6},"o":{"a":0,"k":100,"ix":7},"sk":{"a":0,"k":0,"ix":4},"sa":{"a":0,"k":0,"ix":5},"nm":"变换"}],"nm":"优","np":6,"cix":2,"bm":0,"ix":1,"mn":"ADBE Vector Group","hd":false},{"ty":"gr","it":[{"ind":0,"ty":"sh","ix":1,"ks":{"a":0,"k":{"i":[[0,0],[3.432,-2.949],[0,0],[-1.088,1.184],[0,0],[0,0],[0,0],[-0.846,2.03]],"o":[[-1.547,3.819],[0,0],[1.281,-1.063],[0,0],[0,0],[0,0],[1.305,-1.789],[0,0]],"v":[[32.387,-19.916],[24.918,-9.765],[25.474,-7.952],[29.027,-11.336],[29.027,2.465],[30.768,2.465],[30.768,-13.463],[34.006,-19.167]],"c":true},"ix":2},"nm":"化","mn":"ADBE Vector Shape - Group","hd":false},{"ind":1,"ty":"sh","ix":2,"ks":{"a":0,"k":{"i":[[0,0],[-0.435,0.58],[-0.169,2.78],[0,0],[0.266,-0.387],[0.628,0],[0,0],[0,0.749],[0,0],[-2.248,2.417],[0,0],[2.538,-1.692],[0,0],[0,0],[0,0],[1.354,-0.628],[0,0],[-1.015,0.58],[0,0],[-1.74,0]],"o":[[1.16,0],[0.411,-0.58],[0,0],[-0.097,2.393],[-0.29,0.387],[0,0],[-0.846,0],[0,0],[2.997,-1.885],[0,0],[-1.909,2.151],[0,0],[0,0],[0,0],[-1.233,0.725],[0,0],[1.063,-0.508],[0,0],[0,1.692],[0,0]],"v":[[43.529,2.03],[45.922,1.16],[46.792,-3.891],[45.173,-4.423],[44.641,-0.242],[43.239,0.363],[39.372,0.363],[38.115,-0.773],[38.115,-8.943],[45.995,-15.396],[44.786,-16.774],[38.115,-10.997],[38.115,-19.626],[36.375,-19.626],[36.375,-9.934],[32.484,-7.928],[33.257,-6.284],[36.375,-7.904],[36.375,-0.532],[38.961,2.03]],"c":true},"ix":2},"nm":"化","mn":"ADBE Vector Shape - Group","hd":false},{"ty":"mm","mm":1,"nm":"合并路径 1","mn":"ADBE Vector Filter - Merge","hd":false},{"ty":"fl","c":{"a":0,"k":[1,1,1,1],"ix":4},"o":{"a":0,"k":100,"ix":5},"r":1,"bm":0,"nm":"填充 1","mn":"ADBE Vector Graphic - Fill","hd":false},{"ty":"tr","p":{"a":0,"k":[0,0],"ix":2},"a":{"a":0,"k":[0,0],"ix":1},"s":{"a":0,"k":[100,100],"ix":3},"r":{"a":0,"k":0,"ix":6},"o":{"a":0,"k":100,"ix":7},"sk":{"a":0,"k":0,"ix":4},"sa":{"a":0,"k":0,"ix":5},"nm":"变换"}],"nm":"化","np":5,"cix":2,"bm":0,"ix":2,"mn":"ADBE Vector Group","hd":false},{"ty":"gr","it":[{"ind":0,"ty":"sh","ix":1,"ks":{"a":0,"k":{"i":[[0,0],[0,0],[0,0],[0,0],[0,0],[0,0],[0,0],[0,0],[0,0],[0,0],[0,0],[1.74,-0.677],[0,0],[-0.532,0.338],[-0.532,-0.508],[0,0],[0.677,0.483],[-0.483,0.725],[0,0],[-0.58,-0.628],[0.773,-0.435],[0,0],[-0.677,0.628],[-0.798,-0.508],[0,0],[0.846,1.088],[0,0],[0,0],[0,0],[0,0],[0,0],[0,0],[0,0],[0,0],[0,0],[0,0]],"o":[[0,0],[0,0],[0,0],[0,0],[0,0],[0,0],[0,0],[0,0],[0,0],[0,0],[-0.846,0.967],[0,0],[0.628,-0.314],[0.822,0.532],[0,0],[-0.508,-0.483],[0.701,-0.604],[0,0],[0.338,0.604],[-0.604,0.556],[0,0],[0.822,-0.483],[0.556,0.483],[0,0],[-1.764,-0.87],[0,0],[0,0],[0,0],[0,0],[0,0],[0,0],[0,0],[0,0],[0,0],[0,0],[0,0]],"v":[[58.176,-19.094],[58.176,-12.641],[60.593,-12.641],[60.593,-11.239],[57.378,-11.239],[57.378,-9.958],[60.593,-9.958],[60.593,-8.387],[56.677,-8.387],[56.677,-7.033],[60.278,-7.033],[56.411,-4.568],[57.257,-3.19],[59.021,-4.181],[61.028,-2.61],[61.946,-3.577],[60.157,-5.027],[61.922,-7.033],[65.837,-7.033],[67.215,-5.197],[65.136,-3.698],[65.958,-2.61],[68.206,-4.278],[70.236,-2.78],[71.3,-4.109],[67.384,-7.033],[70.865,-7.033],[70.865,-8.387],[67.215,-8.387],[67.215,-9.958],[70.454,-9.958],[70.454,-11.239],[67.215,-11.239],[67.215,-12.641],[69.56,-12.641],[69.56,-19.094]],"c":true},"ix":2},"nm":"曝","mn":"ADBE Vector Shape - Group","hd":false},{"ind":1,"ty":"sh","ix":2,"ks":{"a":0,"k":{"i":[[0,0],[0,0],[0,0],[0,0]],"o":[[0,0],[0,0],[0,0],[0,0]],"v":[[62.164,-8.387],[62.164,-9.958],[65.644,-9.958],[65.644,-8.387]],"c":true},"ix":2},"nm":"曝","mn":"ADBE Vector Shape - Group","hd":false},{"ind":2,"ty":"sh","ix":3,"ks":{"a":0,"k":{"i":[[0,0],[0,0],[0,0],[0,0]],"o":[[0,0],[0,0],[0,0],[0,0]],"v":[[62.164,-11.239],[62.164,-12.641],[65.644,-12.641],[65.644,-11.239]],"c":true},"ix":2},"nm":"曝","mn":"ADBE Vector Shape - Group","hd":false},{"ind":3,"ty":"sh","ix":4,"ks":{"a":0,"k":{"i":[[0,0],[0,0],[0,0],[0,0]],"o":[[0,0],[0,0],[0,0],[0,0]],"v":[[68.037,-13.874],[59.698,-13.874],[59.698,-15.3],[68.037,-15.3]],"c":true},"ix":2},"nm":"曝","mn":"ADBE Vector Shape - Group","hd":false},{"ind":4,"ty":"sh","ix":5,"ks":{"a":0,"k":{"i":[[0,0],[0,0],[0,0],[0,0]],"o":[[0,0],[0,0],[0,0],[0,0]],"v":[[59.698,-16.411],[59.698,-17.837],[68.037,-17.837],[68.037,-16.411]],"c":true},"ix":2},"nm":"曝","mn":"ADBE Vector Shape - Group","hd":false},{"ind":5,"ty":"sh","ix":6,"ks":{"a":0,"k":{"i":[[0,0],[0,1.063],[0,0],[0,0],[0,0],[0.387,0],[0.58,0.048],[0,0]],"o":[[1.16,0],[0,0],[0,0],[0,0],[0,0.363],[-0.532,0],[0,0],[0,0]],"v":[[62.985,2.32],[64.726,0.701],[64.726,-6.139],[63.034,-6.139],[63.034,0.314],[62.429,0.87],[60.786,0.773],[61.148,2.32]],"c":true},"ix":2},"nm":"曝","mn":"ADBE Vector Shape - Group","hd":false},{"ind":6,"ty":"sh","ix":7,"ks":{"a":0,"k":{"i":[[0,0],[2.03,-0.58],[0,0],[-1.305,0.87]],"o":[[-1.45,0.822],[0,0],[1.934,-0.701],[0,0]],"v":[[61.825,-2.248],[56.629,-0.169],[57.305,1.329],[62.164,-1.039]],"c":true},"ix":2},"nm":"曝","mn":"ADBE Vector Shape - Group","hd":false},{"ind":7,"ty":"sh","ix":8,"ks":{"a":0,"k":{"i":[[1.692,0.677],[0,0],[-1.45,-1.16],[0,0]],"o":[[0,0],[1.547,0.653],[0,0],[-1.402,-0.943]],"v":[[66.079,-2.006],[65.33,-0.894],[69.825,1.813],[70.72,0.435]],"c":true},"ix":2},"nm":"曝","mn":"ADBE Vector Shape - Group","hd":false},{"ind":8,"ty":"sh","ix":9,"ks":{"a":0,"k":{"i":[[0,0],[0,0],[0,0],[0,0]],"o":[[0,0],[0,0],[0,0],[0,0]],"v":[[51.577,-9.088],[54.212,-9.088],[54.212,-3.36],[51.577,-3.36]],"c":true},"ix":2},"nm":"曝","mn":"ADBE Vector Shape - Group","hd":false},{"ind":9,"ty":"sh","ix":10,"ks":{"a":0,"k":{"i":[[0,0],[0,0],[0,0],[0,0]],"o":[[0,0],[0,0],[0,0],[0,0]],"v":[[54.212,-10.683],[51.577,-10.683],[51.577,-16.508],[54.212,-16.508]],"c":true},"ix":2},"nm":"曝","mn":"ADBE Vector Shape - Group","hd":false},{"ind":10,"ty":"sh","ix":11,"ks":{"a":0,"k":{"i":[[0,0],[0,0],[0,0],[0,0],[0,0],[0,0]],"o":[[0,0],[0,0],[0,0],[0,0],[0,0],[0,0]],"v":[[55.783,-18.079],[49.958,-18.079],[49.958,0.097],[51.577,0.097],[51.577,-1.764],[55.783,-1.764]],"c":true},"ix":2},"nm":"曝","mn":"ADBE Vector Shape - Group","hd":false},{"ty":"mm","mm":1,"nm":"合并路径 1","mn":"ADBE Vector Filter - Merge","hd":false},{"ty":"fl","c":{"a":0,"k":[1,1,1,1],"ix":4},"o":{"a":0,"k":100,"ix":5},"r":1,"bm":0,"nm":"填充 1","mn":"ADBE Vector Graphic - Fill","hd":false},{"ty":"tr","p":{"a":0,"k":[0,0],"ix":2},"a":{"a":0,"k":[0,0],"ix":1},"s":{"a":0,"k":[100,100],"ix":3},"r":{"a":0,"k":0,"ix":6},"o":{"a":0,"k":100,"ix":7},"sk":{"a":0,"k":0,"ix":4},"sa":{"a":0,"k":0,"ix":5},"nm":"变换"}],"nm":"曝","np":14,"cix":2,"bm":0,"ix":3,"mn":"ADBE Vector Group","hd":false},{"ty":"gr","it":[{"ind":0,"ty":"sh","ix":1,"ks":{"a":0,"k":{"i":[[0,0],[0,0],[0,0],[0,0],[0,0],[0,0],[0.967,-1.547],[2.659,-0.918],[0,0],[-1.208,1.692],[-0.073,3.021],[0,0],[0,0],[0,0],[-1.499,0],[0,0],[-0.435,0.483],[-0.169,2.562],[0,0],[0.29,-0.435],[0.532,0],[0,0],[0,0.725],[0,0],[0,0],[0,0],[0,0],[0,0]],"o":[[0,0],[0,0],[0,0],[0,0],[0,0],[-0.048,2.49],[-1.063,1.499],[0,0],[2.731,-0.943],[1.233,-1.837],[0,0],[0,0],[0,0],[0,1.571],[0,0],[0.967,0],[0.483,-0.532],[0,0],[-0.097,2.079],[-0.242,0.338],[0,0],[-0.677,0],[0,0],[0,0],[0,0],[0,0],[0,0],[0,0]],"v":[[83.191,-19.723],[83.191,-10.756],[73.547,-10.756],[73.547,-9.04],[80.121,-9.04],[80.121,-8.87],[78.574,-2.804],[73.015,0.798],[74.006,2.344],[79.928,-1.595],[81.885,-8.87],[81.885,-9.04],[85.97,-9.04],[85.97,-0.58],[88.194,1.789],[91.964,1.789],[94.067,1.063],[95.058,-3.577],[93.39,-4.109],[92.81,-0.363],[91.65,0.145],[88.726,0.145],[87.71,-0.943],[87.71,-9.04],[94.647,-9.04],[94.647,-10.756],[84.979,-10.756],[84.979,-19.723]],"c":true},"ix":2},"nm":"光","mn":"ADBE Vector Shape - Group","hd":false},{"ind":1,"ty":"sh","ix":2,"ks":{"a":0,"k":{"i":[[0,0],[1.329,-1.934],[0,0],[-0.822,1.982]],"o":[[-0.798,1.885],[0,0],[1.329,-1.861],[0,0]],"v":[[91.215,-18.562],[88.025,-12.81],[89.596,-12.012],[92.834,-17.789]],"c":true},"ix":2},"nm":"光","mn":"ADBE Vector Shape - Group","hd":false},{"ind":2,"ty":"sh","ix":3,"ks":{"a":0,"k":{"i":[[1.184,1.692],[0,0],[-1.063,-2.079],[0,0]],"o":[[0,0],[1.184,1.644],[0,0],[-1.063,-2.006]],"v":[[77.027,-18.345],[75.384,-17.572],[78.768,-12.012],[80.387,-12.81]],"c":true},"ix":2},"nm":"光","mn":"ADBE Vector Shape - Group","hd":false},{"ty":"mm","mm":1,"nm":"合并路径 1","mn":"ADBE Vector Filter - Merge","hd":false},{"ty":"fl","c":{"a":0,"k":[1,1,1,1],"ix":4},"o":{"a":0,"k":100,"ix":5},"r":1,"bm":0,"nm":"填充 1","mn":"ADBE Vector Graphic - Fill","hd":false},{"ty":"tr","p":{"a":0,"k":[0,0],"ix":2},"a":{"a":0,"k":[0,0],"ix":1},"s":{"a":0,"k":[100,100],"ix":3},"r":{"a":0,"k":0,"ix":6},"o":{"a":0,"k":100,"ix":7},"sk":{"a":0,"k":0,"ix":4},"sa":{"a":0,"k":0,"ix":5},"nm":"变换"}],"nm":"光","np":6,"cix":2,"bm":0,"ix":4,"mn":"ADBE Vector Group","hd":false},{"ty":"gr","it":[{"ind":0,"ty":"sh","ix":1,"ks":{"a":0,"k":{"i":[[0,0],[1.16,-1.329],[1.644,-0.967],[0,0],[-1.208,1.378],[-1.112,2.03]],"o":[[-0.967,1.837],[-1.305,1.523],[0,0],[1.982,-1.402],[1.112,-1.281],[0,0]],"v":[[104.701,-19.215],[101.487,-14.454],[97.063,-10.731],[98.006,-9.209],[102.792,-13.366],[106.151,-18.345]],"c":true},"ix":2},"nm":"分","mn":"ADBE Vector Shape - Group","hd":false},{"ind":1,"ty":"sh","ix":2,"ks":{"a":0,"k":{"i":[[0,0],[1.015,-1.402],[2.151,-1.16],[0,0],[-1.184,1.668],[-0.58,2.659],[0,0],[0.483,-1.16],[1.523,0],[1.329,0.048],[0,0],[0,0],[-0.628,0.701],[-0.266,1.837],[-0.073,3.021],[0,0],[0,0]],"o":[[-0.483,2.32],[-1.088,1.426],[0,0],[2.393,-1.354],[1.015,-1.547],[0,0],[-0.145,3.795],[-0.483,1.112],[-1.184,0],[0,0],[0,0],[1.378,-0.073],[0.628,-0.725],[0.266,-1.885],[0,0],[0,0],[0,0]],"v":[[105.305,-8.484],[103.058,-2.925],[98.199,0.967],[99.263,2.344],[104.629,-2.175],[107.021,-8.484],[113.596,-8.484],[112.653,-1.063],[109.632,0.628],[105.861,0.556],[106.321,2.224],[110.502,2.224],[113.499,1.063],[114.828,-2.804],[115.336,-10.151],[100.447,-10.151],[100.447,-8.484]],"c":true},"ix":2},"nm":"分","mn":"ADBE Vector Shape - Group","hd":false},{"ind":2,"ty":"sh","ix":3,"ks":{"a":0,"k":{"i":[[1.354,3.698],[0,0],[-3.674,-2.393],[0,0]],"o":[[0,0],[1.45,3.795],[0,0],[-3.553,-2.127]],"v":[[111.71,-19.553],[110.212,-18.732],[117.922,-9.45],[119.082,-10.804]],"c":true},"ix":2},"nm":"分","mn":"ADBE Vector Shape - Group","hd":false},{"ty":"mm","mm":1,"nm":"合并路径 1","mn":"ADBE Vector Filter - Merge","hd":false},{"ty":"fl","c":{"a":0,"k":[1,1,1,1],"ix":4},"o":{"a":0,"k":100,"ix":5},"r":1,"bm":0,"nm":"填充 1","mn":"ADBE Vector Graphic - Fill","hd":false},{"ty":"tr","p":{"a":0,"k":[0,0],"ix":2},"a":{"a":0,"k":[0,0],"ix":1},"s":{"a":0,"k":[100,100],"ix":3},"r":{"a":0,"k":0,"ix":6},"o":{"a":0,"k":100,"ix":7},"sk":{"a":0,"k":0,"ix":4},"sa":{"a":0,"k":0,"ix":5},"nm":"变换"}],"nm":"分","np":6,"cix":2,"bm":0,"ix":5,"mn":"ADBE Vector Group","hd":false},{"ty":"gr","it":[{"ind":0,"ty":"sh","ix":1,"ks":{"a":0,"k":{"i":[[0,0],[0,0],[0,0],[-0.87,1.595],[0,0],[0,0],[0,0],[-0.338,1.063],[0,0],[0.532,-1.063],[0,0],[0,0],[0,0],[3.07,-2.272],[0,0],[-1.208,1.233],[0,0],[0,0],[0,0],[0,0],[0,0],[0,0],[0,0],[0,0],[0,0],[0.773,0],[0,0],[0,0],[0,0],[0,1.499],[0,0],[0,0],[0,0]],"o":[[0,0],[0,0],[1.16,-1.378],[0,0],[0,0],[0,0],[0.435,-0.943],[0,0],[-0.363,1.112],[0,0],[0,0],[0,0],[-1.764,2.949],[0,0],[1.426,-1.088],[0,0],[0,0],[0,0],[0,0],[0,0],[0,0],[0,0],[0,0],[0,0],[0,0.701],[0,0],[0,0],[0,0],[1.499,0],[0,0],[0,0],[0,0],[0,0]],"v":[[132.786,-13.39],[132.786,-10.441],[127.106,-10.441],[130.151,-14.913],[142.72,-14.913],[142.72,-16.605],[130.997,-16.605],[132.157,-19.626],[130.393,-19.844],[129.064,-16.605],[121.692,-16.605],[121.692,-14.913],[128.145,-14.913],[120.894,-7.106],[122.006,-5.656],[125.946,-9.136],[125.946,0.121],[127.614,0.121],[127.614,-8.822],[132.786,-8.822],[132.786,2.417],[134.454,2.417],[134.454,-8.822],[139.602,-8.822],[139.602,-2.683],[138.442,-1.619],[136.291,-1.668],[136.726,-0.048],[138.998,-0.048],[141.27,-2.32],[141.27,-10.441],[134.454,-10.441],[134.454,-13.39]],"c":true},"ix":2},"nm":"布","mn":"ADBE Vector Shape - Group","hd":false},{"ty":"fl","c":{"a":0,"k":[1,1,1,1],"ix":4},"o":{"a":0,"k":100,"ix":5},"r":1,"bm":0,"nm":"填充 1","mn":"ADBE Vector Graphic - Fill","hd":false},{"ty":"tr","p":{"a":0,"k":[0,0],"ix":2},"a":{"a":0,"k":[0,0],"ix":1},"s":{"a":0,"k":[100,100],"ix":3},"r":{"a":0,"k":0,"ix":6},"o":{"a":0,"k":100,"ix":7},"sk":{"a":0,"k":0,"ix":4},"sa":{"a":0,"k":0,"ix":5},"nm":"变换"}],"nm":"布","np":3,"cix":2,"bm":0,"ix":6,"mn":"ADBE Vector Group","hd":false},{"ty":"gr","it":[{"ind":0,"ty":"sh","ix":1,"ks":{"a":0,"k":{"i":[[0.411,0],[0.29,-0.29],[0,-0.411],[-0.29,-0.29],[-0.411,0],[-0.29,0.266],[0,0.435],[0.29,0.266]],"o":[[-0.411,0],[-0.29,0.266],[0,0.411],[0.29,0.266],[0.387,0],[0.29,-0.266],[0,-0.411],[-0.29,-0.29]],"v":[[147.19,-2.876],[146.151,-2.465],[145.716,-1.45],[146.151,-0.411],[147.19,0],[148.23,-0.411],[148.665,-1.45],[148.23,-2.465]],"c":true},"ix":2},"nm":".","mn":"ADBE Vector Shape - Group","hd":false},{"ty":"fl","c":{"a":0,"k":[1,1,1,1],"ix":4},"o":{"a":0,"k":100,"ix":5},"r":1,"bm":0,"nm":"填充 1","mn":"ADBE Vector Graphic - Fill","hd":false},{"ty":"tr","p":{"a":0,"k":[0,0],"ix":2},"a":{"a":0,"k":[0,0],"ix":1},"s":{"a":0,"k":[100,100],"ix":3},"r":{"a":0,"k":0,"ix":6},"o":{"a":0,"k":100,"ix":7},"sk":{"a":0,"k":0,"ix":4},"sa":{"a":0,"k":0,"ix":5},"nm":"变换"}],"nm":".","np":3,"cix":2,"bm":0,"ix":7,"mn":"ADBE Vector Group","hd":false},{"ty":"gr","it":[{"ind":0,"ty":"sh","ix":1,"ks":{"a":0,"k":{"i":[[0.411,0],[0.29,-0.29],[0,-0.411],[-0.29,-0.29],[-0.411,0],[-0.29,0.266],[0,0.435],[0.29,0.266]],"o":[[-0.411,0],[-0.29,0.266],[0,0.411],[0.29,0.266],[0.387,0],[0.29,-0.266],[0,-0.411],[-0.29,-0.29]],"v":[[153.526,-2.876],[152.487,-2.465],[152.052,-1.45],[152.487,-0.411],[153.526,0],[154.566,-0.411],[155.001,-1.45],[154.566,-2.465]],"c":true},"ix":2},"nm":".","mn":"ADBE Vector Shape - Group","hd":false},{"ty":"fl","c":{"a":0,"k":[1,1,1,1],"ix":4},"o":{"a":0,"k":100,"ix":5},"r":1,"bm":0,"nm":"填充 1","mn":"ADBE Vector Graphic - Fill","hd":false},{"ty":"tr","p":{"a":0,"k":[0,0],"ix":2},"a":{"a":0,"k":[0,0],"ix":1},"s":{"a":0,"k":[100,100],"ix":3},"r":{"a":0,"k":0,"ix":6},"o":{"a":0,"k":100,"ix":7},"sk":{"a":0,"k":0,"ix":4},"sa":{"a":0,"k":0,"ix":5},"nm":"变换"}],"nm":".","np":3,"cix":2,"bm":0,"ix":8,"mn":"ADBE Vector Group","hd":false},{"ty":"gr","it":[{"ind":0,"ty":"sh","ix":1,"ks":{"a":0,"k":{"i":[[0.411,0],[0.29,-0.29],[0,-0.411],[-0.29,-0.29],[-0.411,0],[-0.29,0.266],[0,0.435],[0.29,0.266]],"o":[[-0.411,0],[-0.29,0.266],[0,0.411],[0.29,0.266],[0.387,0],[0.29,-0.266],[0,-0.411],[-0.29,-0.29]],"v":[[159.862,-2.876],[158.823,-2.465],[158.388,-1.45],[158.823,-0.411],[159.862,0],[160.901,-0.411],[161.336,-1.45],[160.901,-2.465]],"c":true},"ix":2},"nm":".","mn":"ADBE Vector Shape - Group","hd":false},{"ty":"fl","c":{"a":0,"k":[1,1,1,1],"ix":4},"o":{"a":0,"k":100,"ix":5},"r":1,"bm":0,"nm":"填充 1","mn":"ADBE Vector Graphic - Fill","hd":false},{"ty":"tr","p":{"a":0,"k":[0,0],"ix":2},"a":{"a":0,"k":[0,0],"ix":1},"s":{"a":0,"k":[100,100],"ix":3},"r":{"a":0,"k":0,"ix":6},"o":{"a":0,"k":100,"ix":7},"sk":{"a":0,"k":0,"ix":4},"sa":{"a":0,"k":0,"ix":5},"nm":"变换"}],"nm":".","np":3,"cix":2,"bm":0,"ix":9,"mn":"ADBE Vector Group","hd":false}],"ip":0,"op":25,"st":0,"bm":0}],"markers":[]}