{"v":"5.5.5","fr":25,"ip":0,"op":25,"w":640,"h":64,"nm":"文字1手Q日漫滤镜轮廓_lottie","ddd":0,"assets":[],"layers":[{"ddd":0,"ind":1,"ty":4,"nm":"“内容提取中...”轮廓","sr":1,"ks":{"o":{"a":1,"k":[{"i":{"x":[0.833],"y":[0.833]},"o":{"x":[0.167],"y":[0.167]},"t":0,"s":[0]},{"i":{"x":[0.833],"y":[0.833]},"o":{"x":[0.167],"y":[0.167]},"t":7,"s":[100]},{"i":{"x":[0.833],"y":[0.833]},"o":{"x":[0.167],"y":[0.167]},"t":15,"s":[100]},{"t":25,"s":[0]}],"ix":11},"r":{"a":0,"k":0,"ix":10},"p":{"a":1,"k":[{"i":{"x":0.58,"y":1},"o":{"x":0.001,"y":0},"t":0,"s":[330,50,0],"to":[0,-3.833,0],"ti":[0,3.833,0]},{"i":{"x":0.833,"y":0.833},"o":{"x":0.167,"y":0.167},"t":10,"s":[330,27,0],"to":[0,0,0],"ti":[0,0,0]},{"i":{"x":0.6,"y":0.2},"o":{"x":0.26,"y":0},"t":15,"s":[330,27,0],"to":[0,-3.333,0],"ti":[0,3.333,0]},{"t":25,"s":[330,7,0]}],"ix":2},"a":{"a":0,"k":[81.5,-8.625,0],"ix":1},"s":{"a":1,"k":[{"i":{"x":[0.6,0.6,0.6],"y":[0.2,0.2,1]},"o":{"x":[0.26,0.26,0.26],"y":[0,0,0]},"t":15,"s":[100,100,100]},{"t":25,"s":[80,80,100]}],"ix":6}},"ao":0,"shapes":[{"ty":"gr","it":[{"ind":0,"ty":"sh","ix":1,"ks":{"a":0,"k":{"i":[[-0.991,2.755],[-1.402,-2.079],[0,0],[2.514,2.369],[-0.121,0.918],[0,0],[0,0],[0.773,0],[0,0],[0,0],[0,0],[0,1.619],[0,0],[0,0],[0,1.426],[0,0],[0.121,-1.233],[0,0],[0,0],[0,0],[0,0],[0,0],[0.266,-0.943],[2.707,-1.789],[0,0]],"o":[[2.272,2.32],[0,0],[-1.716,-2.296],[0.193,-0.798],[0,0],[0,0],[0,0.773],[0,0],[0,0],[0,0],[1.547,0],[0,0],[0,0],[0.097,-1.208],[0,0],[0,1.402],[0,0],[0,0],[0,0],[0,0],[0,0],[-0.169,1.112],[-0.87,2.683],[0,0],[2.804,-1.837]],"v":[[12.012,-9.837],[17.547,-3.239],[18.853,-4.568],[12.52,-11.577],[12.979,-14.164],[19.892,-14.164],[19.892,-0.677],[18.732,0.508],[15.034,0.411],[15.517,2.151],[19.312,2.151],[21.656,-0.29],[21.656,-15.855],[13.173,-15.855],[13.342,-19.819],[11.577,-19.819],[11.384,-15.855],[2.538,-15.855],[2.538,2.393],[4.302,2.393],[4.302,-14.164],[11.191,-14.164],[10.538,-11.094],[5.172,-4.399],[6.333,-2.973]],"c":true},"ix":2},"nm":"内","mn":"ADBE Vector Shape - Group","hd":false},{"ty":"fl","c":{"a":0,"k":[1,1,1,1],"ix":4},"o":{"a":0,"k":100,"ix":5},"r":1,"bm":0,"nm":"填充 1","mn":"ADBE Vector Graphic - Fill","hd":false},{"ty":"tr","p":{"a":0,"k":[0,0],"ix":2},"a":{"a":0,"k":[0,0],"ix":1},"s":{"a":0,"k":[100,100],"ix":3},"r":{"a":0,"k":0,"ix":6},"o":{"a":0,"k":100,"ix":7},"sk":{"a":0,"k":0,"ix":4},"sa":{"a":0,"k":0,"ix":5},"nm":"变换"}],"nm":"内","np":3,"cix":2,"bm":0,"ix":1,"mn":"ADBE Vector Group","hd":false},{"ty":"gr","it":[{"ind":0,"ty":"sh","ix":1,"ks":{"a":0,"k":{"i":[[0.29,0.628],[0,0],[-0.29,-0.677],[0,0],[0,0],[0,0],[0,0],[0,0],[0,0],[0,0],[0,0],[0,0]],"o":[[0,0],[0.29,0.556],[0,0],[0,0],[0,0],[0,0],[0,0],[0,0],[0,0],[0,0],[0,0],[-0.266,-0.798]],"v":[[36.375,-19.868],[34.514,-19.553],[35.384,-17.717],[26.199,-17.717],[26.199,-13.293],[27.891,-13.293],[27.891,-16.097],[44.279,-16.097],[44.279,-13.414],[45.97,-13.414],[45.97,-17.717],[37.197,-17.717]],"c":true},"ix":2},"nm":"容","mn":"ADBE Vector Shape - Group","hd":false},{"ind":1,"ty":"sh","ix":2,"ks":{"a":0,"k":{"i":[[0,0],[4.423,-1.644],[0,0],[-0.991,0.483],[0,0],[0,0],[0,0],[0,0],[0,0],[0,0],[0,0],[-0.967,-0.387],[0,0],[1.958,2.441]],"o":[[-2.417,2.659],[0,0],[1.015,-0.387],[0,0],[0,0],[0,0],[0,0],[0,0],[0,0],[0,0],[0.822,0.387],[0,0],[-4.786,-1.837],[0,0]],"v":[[35.457,-12.133],[25.208,-5.704],[26.127,-4.278],[29.124,-5.559],[29.124,2.441],[30.816,2.441],[30.816,1.426],[41.62,1.426],[41.62,2.441],[43.288,2.441],[43.288,-5.462],[45.97,-4.302],[46.913,-5.728],[36.786,-12.133]],"c":true},"ix":2},"nm":"容","mn":"ADBE Vector Shape - Group","hd":false},{"ind":2,"ty":"sh","ix":3,"ks":{"a":0,"k":{"i":[[0,0],[0,0],[0,0],[0,0]],"o":[[0,0],[0,0],[0,0],[0,0]],"v":[[30.816,-0.169],[30.816,-4.036],[41.62,-4.036],[41.62,-0.169]],"c":true},"ix":2},"nm":"容","mn":"ADBE Vector Shape - Group","hd":false},{"ind":3,"ty":"sh","ix":4,"ks":{"a":0,"k":{"i":[[0,0],[-1.934,2.03],[-2.949,-1.45]],"o":[[2.683,-1.329],[1.644,1.885],[0,0]],"v":[[29.172,-5.583],[36.109,-10.611],[43.022,-5.583]],"c":true},"ix":2},"nm":"容","mn":"ADBE Vector Shape - Group","hd":false},{"ind":4,"ty":"sh","ix":5,"ks":{"a":0,"k":{"i":[[2.9,1.499],[0,0],[-1.764,-1.45],[0,0]],"o":[[0,0],[3.07,1.619],[0,0],[-1.982,-1.499]],"v":[[38.913,-15.082],[37.801,-13.994],[45.052,-9.402],[46.26,-10.586]],"c":true},"ix":2},"nm":"容","mn":"ADBE Vector Shape - Group","hd":false},{"ind":5,"ty":"sh","ix":6,"ks":{"a":0,"k":{"i":[[0,0],[2.949,-1.257],[0,0],[-2.054,1.789]],"o":[[-2.03,1.692],[0,0],[2.997,-1.354],[0,0]],"v":[[33.185,-15.106],[25.74,-10.707],[26.78,-9.354],[34.345,-14.067]],"c":true},"ix":2},"nm":"容","mn":"ADBE Vector Shape - Group","hd":false},{"ty":"mm","mm":1,"nm":"合并路径 1","mn":"ADBE Vector Filter - Merge","hd":false},{"ty":"fl","c":{"a":0,"k":[1,1,1,1],"ix":4},"o":{"a":0,"k":100,"ix":5},"r":1,"bm":0,"nm":"填充 1","mn":"ADBE Vector Graphic - Fill","hd":false},{"ty":"tr","p":{"a":0,"k":[0,0],"ix":2},"a":{"a":0,"k":[0,0],"ix":1},"s":{"a":0,"k":[100,100],"ix":3},"r":{"a":0,"k":0,"ix":6},"o":{"a":0,"k":100,"ix":7},"sk":{"a":0,"k":0,"ix":4},"sa":{"a":0,"k":0,"ix":5},"nm":"变换"}],"nm":"容","np":9,"cix":2,"bm":0,"ix":2,"mn":"ADBE Vector Group","hd":false},{"ty":"gr","it":[{"ind":0,"ty":"sh","ix":1,"ks":{"a":0,"k":{"i":[[0,0],[0,1.281],[0,0],[-0.677,0.363],[0,0],[0.701,-0.338],[0,0],[0,0],[0,0],[0,0],[0,0],[0,0],[0,0],[0,0],[0,0],[0,0],[0,0],[1.088,-0.266],[0,0],[-0.918,0.363],[0,0],[0.556,0],[0.677,0.048],[0,0]],"o":[[1.354,0],[0,0],[0.701,-0.338],[0,0],[-0.677,0.387],[0,0],[0,0],[0,0],[0,0],[0,0],[0,0],[0,0],[0,0],[0,0],[0,0],[0,0],[-1.063,0.411],[0,0],[0.943,-0.29],[0,0],[0,0.508],[-0.628,0],[0,0],[0,0]],"v":[[52.036,2.199],[54.067,0.266],[54.067,-6.985],[56.145,-8.024],[56.145,-9.789],[54.067,-8.725],[54.067,-13.438],[56.508,-13.438],[56.508,-15.106],[54.067,-15.106],[54.067,-19.674],[52.278,-19.674],[52.278,-15.106],[49.354,-15.106],[49.354,-13.438],[52.278,-13.438],[52.278,-7.976],[49.063,-6.961],[49.474,-5.221],[52.278,-6.212],[52.278,-0.169],[51.432,0.604],[49.45,0.508],[49.813,2.199]],"c":true},"ix":2},"nm":"提","mn":"ADBE Vector Shape - Group","hd":false},{"ind":1,"ty":"sh","ix":2,"ks":{"a":0,"k":{"i":[[0,0],[0,0],[0,0],[0,0]],"o":[[0,0],[0,0],[0,0],[0,0]],"v":[[58.393,-18.901],[58.393,-10.514],[68.931,-10.514],[68.931,-18.901]],"c":true},"ix":2},"nm":"提","mn":"ADBE Vector Shape - Group","hd":false},{"ind":2,"ty":"sh","ix":3,"ks":{"a":0,"k":{"i":[[0,0],[0,0],[0,0],[0,0]],"o":[[0,0],[0,0],[0,0],[0,0]],"v":[[67.239,-11.94],[60.085,-11.94],[60.085,-14.019],[67.239,-14.019]],"c":true},"ix":2},"nm":"提","mn":"ADBE Vector Shape - Group","hd":false},{"ind":3,"ty":"sh","ix":4,"ks":{"a":0,"k":{"i":[[0,0],[0,0],[0,0],[0,0]],"o":[[0,0],[0,0],[0,0],[0,0]],"v":[[60.085,-15.372],[60.085,-17.475],[67.239,-17.475],[67.239,-15.372]],"c":true},"ix":2},"nm":"提","mn":"ADBE Vector Shape - Group","hd":false},{"ind":4,"ty":"sh","ix":5,"ks":{"a":0,"k":{"i":[[0,0],[0,0],[0,0],[0,0],[0.169,0.073],[0.773,1.619],[-0.048,0.87],[0,0],[1.837,-2.224],[0,0],[-0.58,1.499],[-0.918,-0.483],[-3.19,-0.024],[-0.967,0],[0,0],[1.257,0],[0.967,0.145],[0,0],[0,0],[0,0],[0,0],[0,0],[0,0],[0,0]],"o":[[0,0],[0,0],[0,0],[-0.218,-0.073],[-1.015,-0.459],[0.193,-0.822],[0,0],[-0.193,2.755],[0,0],[1.039,-1.257],[0.725,1.354],[1.16,0.58],[0.773,0],[0,0],[-0.894,0.073],[-1.329,0],[0,0],[0,0],[0,0],[0,0],[0,0],[0,0],[0,0],[0,0]],"v":[[56.701,-8.822],[56.701,-7.275],[62.816,-7.275],[62.816,-0.218],[62.236,-0.435],[59.553,-3.553],[59.916,-6.067],[58.369,-6.236],[55.323,1.257],[56.604,2.369],[59.021,-1.764],[61.511,0.991],[68.037,1.909],[70.671,1.934],[71.155,0.242],[67.916,0.363],[64.484,0.145],[64.484,-2.973],[69.535,-2.973],[69.535,-4.544],[64.484,-4.544],[64.484,-7.275],[70.526,-7.275],[70.526,-8.822]],"c":true},"ix":2},"nm":"提","mn":"ADBE Vector Shape - Group","hd":false},{"ty":"mm","mm":1,"nm":"合并路径 1","mn":"ADBE Vector Filter - Merge","hd":false},{"ty":"fl","c":{"a":0,"k":[1,1,1,1],"ix":4},"o":{"a":0,"k":100,"ix":5},"r":1,"bm":0,"nm":"填充 1","mn":"ADBE Vector Graphic - Fill","hd":false},{"ty":"tr","p":{"a":0,"k":[0,0],"ix":2},"a":{"a":0,"k":[0,0],"ix":1},"s":{"a":0,"k":[100,100],"ix":3},"r":{"a":0,"k":0,"ix":6},"o":{"a":0,"k":100,"ix":7},"sk":{"a":0,"k":0,"ix":4},"sa":{"a":0,"k":0,"ix":5},"nm":"变换"}],"nm":"提","np":8,"cix":2,"bm":0,"ix":3,"mn":"ADBE Vector Group","hd":false},{"ty":"gr","it":[{"ind":0,"ty":"sh","ix":1,"ks":{"a":0,"k":{"i":[[0,0],[0,0],[0,0],[0,0],[0.677,-0.097],[0,0],[-2.465,0.532],[0,0],[0,0],[0,0],[-0.773,0.193],[0,0],[0.773,-0.193],[0,0],[0,0],[0,0]],"o":[[0,0],[0,0],[0,0],[-0.677,0.097],[0,0],[2.659,-0.411],[0,0],[0,0],[0,0],[0.749,-0.193],[0,0],[-0.749,0.193],[0,0],[0,0],[0,0],[0,0]],"v":[[73.329,-18.804],[73.329,-17.161],[75.19,-17.161],[75.19,-2.079],[73.16,-1.813],[73.571,-0.097],[81.281,-1.523],[81.281,2.514],[82.973,2.514],[82.973,-1.909],[85.269,-2.49],[85.269,-4.206],[82.973,-3.625],[82.973,-17.161],[84.931,-17.161],[84.931,-18.804]],"c":true},"ix":2},"nm":"取","mn":"ADBE Vector Shape - Group","hd":false},{"ind":1,"ty":"sh","ix":2,"ks":{"a":0,"k":{"i":[[1.499,-0.266],[0,0],[0,0],[0,0]],"o":[[0,0],[0,0],[0,0],[-1.426,0.314]],"v":[[76.882,-2.344],[76.882,-6.526],[81.281,-6.526],[81.281,-3.215]],"c":true},"ix":2},"nm":"取","mn":"ADBE Vector Shape - Group","hd":false},{"ind":2,"ty":"sh","ix":3,"ks":{"a":0,"k":{"i":[[0,0],[0,0],[0,0],[0,0]],"o":[[0,0],[0,0],[0,0],[0,0]],"v":[[76.882,-8.097],[76.882,-11.795],[81.281,-11.795],[81.281,-8.097]],"c":true},"ix":2},"nm":"取","mn":"ADBE Vector Shape - Group","hd":false},{"ind":3,"ty":"sh","ix":4,"ks":{"a":0,"k":{"i":[[0,0],[0,0],[0,0],[0,0]],"o":[[0,0],[0,0],[0,0],[0,0]],"v":[[76.882,-13.39],[76.882,-17.161],[81.281,-17.161],[81.281,-13.39]],"c":true},"ix":2},"nm":"取","mn":"ADBE Vector Shape - Group","hd":false},{"ind":4,"ty":"sh","ix":5,"ks":{"a":0,"k":{"i":[[0,0],[1.305,-2.78],[0.29,3.48]],"o":[[-0.435,3.601],[-1.402,-2.9],[0,0]],"v":[[92.593,-15.807],[89.958,-6.236],[87.445,-15.807]],"c":true},"ix":2},"nm":"取","mn":"ADBE Vector Shape - Group","hd":false},{"ind":5,"ty":"sh","ix":6,"ks":{"a":0,"k":{"i":[[-1.813,-3.432],[1.982,-1.571],[0,0],[-1.305,2.079],[-1.619,-1.644],[0,0],[1.16,1.982],[-0.532,4.496],[0,0],[0,0],[0,0],[0,0]],"o":[[-1.305,2.199],[0,0],[1.813,-1.426],[1.112,1.837],[0,0],[-1.716,-1.668],[1.644,-3.166],[0,0],[0,0],[0,0],[0,0],[0.338,4.085]],"v":[[89.064,-4.544],[84.157,1.112],[85.342,2.465],[90.031,-2.804],[94.115,2.417],[95.276,1.088],[90.949,-4.399],[94.236,-15.904],[94.236,-17.499],[85.028,-17.499],[85.028,-15.807],[85.849,-15.807]],"c":true},"ix":2},"nm":"取","mn":"ADBE Vector Shape - Group","hd":false},{"ty":"mm","mm":1,"nm":"合并路径 1","mn":"ADBE Vector Filter - Merge","hd":false},{"ty":"fl","c":{"a":0,"k":[1,1,1,1],"ix":4},"o":{"a":0,"k":100,"ix":5},"r":1,"bm":0,"nm":"填充 1","mn":"ADBE Vector Graphic - Fill","hd":false},{"ty":"tr","p":{"a":0,"k":[0,0],"ix":2},"a":{"a":0,"k":[0,0],"ix":1},"s":{"a":0,"k":[100,100],"ix":3},"r":{"a":0,"k":0,"ix":6},"o":{"a":0,"k":100,"ix":7},"sk":{"a":0,"k":0,"ix":4},"sa":{"a":0,"k":0,"ix":5},"nm":"变换"}],"nm":"取","np":9,"cix":2,"bm":0,"ix":4,"mn":"ADBE Vector Group","hd":false},{"ty":"gr","it":[{"ind":0,"ty":"sh","ix":1,"ks":{"a":0,"k":{"i":[[0,0],[0,0],[0,0],[0,0],[0,0],[0,0],[0,0],[0,0],[0,0],[0,0],[0,0],[0,0],[0,0],[0,0],[0,0],[0,0]],"o":[[0,0],[0,0],[0,0],[0,0],[0,0],[0,0],[0,0],[0,0],[0,0],[0,0],[0,0],[0,0],[0,0],[0,0],[0,0],[0,0]],"v":[[107.191,-19.844],[107.191,-15.493],[98.538,-15.493],[98.538,-4.133],[100.278,-4.133],[100.278,-5.656],[107.191,-5.656],[107.191,2.586],[108.979,2.586],[108.979,-5.656],[115.916,-5.656],[115.916,-4.133],[117.656,-4.133],[117.656,-15.493],[108.979,-15.493],[108.979,-19.844]],"c":true},"ix":2},"nm":"中","mn":"ADBE Vector Shape - Group","hd":false},{"ind":1,"ty":"sh","ix":2,"ks":{"a":0,"k":{"i":[[0,0],[0,0],[0,0],[0,0]],"o":[[0,0],[0,0],[0,0],[0,0]],"v":[[100.278,-7.348],[100.278,-13.801],[107.191,-13.801],[107.191,-7.348]],"c":true},"ix":2},"nm":"中","mn":"ADBE Vector Shape - Group","hd":false},{"ind":2,"ty":"sh","ix":3,"ks":{"a":0,"k":{"i":[[0,0],[0,0],[0,0],[0,0]],"o":[[0,0],[0,0],[0,0],[0,0]],"v":[[108.979,-7.348],[108.979,-13.801],[115.916,-13.801],[115.916,-7.348]],"c":true},"ix":2},"nm":"中","mn":"ADBE Vector Shape - Group","hd":false},{"ty":"mm","mm":1,"nm":"合并路径 1","mn":"ADBE Vector Filter - Merge","hd":false},{"ty":"fl","c":{"a":0,"k":[1,1,1,1],"ix":4},"o":{"a":0,"k":100,"ix":5},"r":1,"bm":0,"nm":"填充 1","mn":"ADBE Vector Graphic - Fill","hd":false},{"ty":"tr","p":{"a":0,"k":[0,0],"ix":2},"a":{"a":0,"k":[0,0],"ix":1},"s":{"a":0,"k":[100,100],"ix":3},"r":{"a":0,"k":0,"ix":6},"o":{"a":0,"k":100,"ix":7},"sk":{"a":0,"k":0,"ix":4},"sa":{"a":0,"k":0,"ix":5},"nm":"变换"}],"nm":"中","np":6,"cix":2,"bm":0,"ix":5,"mn":"ADBE Vector Group","hd":false},{"ty":"gr","it":[{"ind":0,"ty":"sh","ix":1,"ks":{"a":0,"k":{"i":[[0.411,0],[0.29,-0.29],[0,-0.411],[-0.29,-0.29],[-0.411,0],[-0.29,0.266],[0,0.435],[0.29,0.266]],"o":[[-0.411,0],[-0.29,0.266],[0,0.411],[0.29,0.266],[0.387,0],[0.29,-0.266],[0,-0.411],[-0.29,-0.29]],"v":[[123.19,-2.876],[122.151,-2.465],[121.716,-1.45],[122.151,-0.411],[123.19,0],[124.23,-0.411],[124.665,-1.45],[124.23,-2.465]],"c":true},"ix":2},"nm":".","mn":"ADBE Vector Shape - Group","hd":false},{"ty":"fl","c":{"a":0,"k":[1,1,1,1],"ix":4},"o":{"a":0,"k":100,"ix":5},"r":1,"bm":0,"nm":"填充 1","mn":"ADBE Vector Graphic - Fill","hd":false},{"ty":"tr","p":{"a":0,"k":[0,0],"ix":2},"a":{"a":0,"k":[0,0],"ix":1},"s":{"a":0,"k":[100,100],"ix":3},"r":{"a":0,"k":0,"ix":6},"o":{"a":0,"k":100,"ix":7},"sk":{"a":0,"k":0,"ix":4},"sa":{"a":0,"k":0,"ix":5},"nm":"变换"}],"nm":".","np":3,"cix":2,"bm":0,"ix":6,"mn":"ADBE Vector Group","hd":false},{"ty":"gr","it":[{"ind":0,"ty":"sh","ix":1,"ks":{"a":0,"k":{"i":[[0.411,0],[0.29,-0.29],[0,-0.411],[-0.29,-0.29],[-0.411,0],[-0.29,0.266],[0,0.435],[0.29,0.266]],"o":[[-0.411,0],[-0.29,0.266],[0,0.411],[0.29,0.266],[0.387,0],[0.29,-0.266],[0,-0.411],[-0.29,-0.29]],"v":[[129.526,-2.876],[128.487,-2.465],[128.052,-1.45],[128.487,-0.411],[129.526,0],[130.566,-0.411],[131.001,-1.45],[130.566,-2.465]],"c":true},"ix":2},"nm":".","mn":"ADBE Vector Shape - Group","hd":false},{"ty":"fl","c":{"a":0,"k":[1,1,1,1],"ix":4},"o":{"a":0,"k":100,"ix":5},"r":1,"bm":0,"nm":"填充 1","mn":"ADBE Vector Graphic - Fill","hd":false},{"ty":"tr","p":{"a":0,"k":[0,0],"ix":2},"a":{"a":0,"k":[0,0],"ix":1},"s":{"a":0,"k":[100,100],"ix":3},"r":{"a":0,"k":0,"ix":6},"o":{"a":0,"k":100,"ix":7},"sk":{"a":0,"k":0,"ix":4},"sa":{"a":0,"k":0,"ix":5},"nm":"变换"}],"nm":".","np":3,"cix":2,"bm":0,"ix":7,"mn":"ADBE Vector Group","hd":false},{"ty":"gr","it":[{"ind":0,"ty":"sh","ix":1,"ks":{"a":0,"k":{"i":[[0.411,0],[0.29,-0.29],[0,-0.411],[-0.29,-0.29],[-0.411,0],[-0.29,0.266],[0,0.435],[0.29,0.266]],"o":[[-0.411,0],[-0.29,0.266],[0,0.411],[0.29,0.266],[0.387,0],[0.29,-0.266],[0,-0.411],[-0.29,-0.29]],"v":[[135.862,-2.876],[134.823,-2.465],[134.388,-1.45],[134.823,-0.411],[135.862,0],[136.901,-0.411],[137.336,-1.45],[136.901,-2.465]],"c":true},"ix":2},"nm":".","mn":"ADBE Vector Shape - Group","hd":false},{"ty":"fl","c":{"a":0,"k":[1,1,1,1],"ix":4},"o":{"a":0,"k":100,"ix":5},"r":1,"bm":0,"nm":"填充 1","mn":"ADBE Vector Graphic - Fill","hd":false},{"ty":"tr","p":{"a":0,"k":[0,0],"ix":2},"a":{"a":0,"k":[0,0],"ix":1},"s":{"a":0,"k":[100,100],"ix":3},"r":{"a":0,"k":0,"ix":6},"o":{"a":0,"k":100,"ix":7},"sk":{"a":0,"k":0,"ix":4},"sa":{"a":0,"k":0,"ix":5},"nm":"变换"}],"nm":".","np":3,"cix":2,"bm":0,"ix":8,"mn":"ADBE Vector Group","hd":false}],"ip":0,"op":25,"st":0,"bm":0}],"markers":[]}