{
    "version":1,
    "name":"餐厅",
    "desc":"慕斯滤镜+50%，高光-25%，对比度+5%，锐化+30%，色温-10%",
    "strength":85,
    "filters":[
        {
            "fid":"lookup",
            "params":{
                "lut": "musi_bf.png",
                "strength":50
            }
        },
        {
            "fid":"adjust",
            "params":{
                "highlightValue":-15,
                "contrastValue":5,
                "sharpenValue":15,
                "scaleCValue":0
            }
        }
    ]
}
