{"v":"5.6.4","fr":25,"ip":0,"op":25,"w":640,"h":64,"nm":"文字1_视频版_轮廓_lottie","ddd":0,"assets":[],"layers":[{"ddd":0,"ind":1,"ty":4,"nm":"“识别场景信息...”轮廓","sr":1,"ks":{"o":{"a":1,"k":[{"i":{"x":[0.833],"y":[0.833]},"o":{"x":[0.167],"y":[0.167]},"t":0,"s":[0]},{"i":{"x":[0.833],"y":[0.833]},"o":{"x":[0.167],"y":[0.167]},"t":7,"s":[100]},{"i":{"x":[0.833],"y":[0.833]},"o":{"x":[0.167],"y":[0.167]},"t":15,"s":[100]},{"t":25,"s":[0]}],"ix":11},"r":{"a":0,"k":0,"ix":10},"p":{"a":1,"k":[{"i":{"x":0.58,"y":1},"o":{"x":0.001,"y":0},"t":0,"s":[319.5,50,0],"to":[0,-3.833,0],"ti":[0,3.833,0]},{"i":{"x":0.833,"y":0.833},"o":{"x":0.167,"y":0.167},"t":10,"s":[319.5,27,0],"to":[0,0,0],"ti":[0,0,0]},{"i":{"x":0.6,"y":0.2},"o":{"x":0.26,"y":0},"t":15,"s":[319.5,27,0],"to":[0,-3.333,0],"ti":[0,3.333,0]},{"t":25,"s":[319.5,7,0]}],"ix":2},"a":{"a":0,"k":[81.5,-8.625,0],"ix":1},"s":{"a":1,"k":[{"i":{"x":[0.6,0.6,0.6],"y":[0.2,0.2,1]},"o":{"x":[0.26,0.26,0.26],"y":[0,0,0]},"t":15,"s":[100,100,100]},{"t":25,"s":[80,80,100]}],"ix":6}},"ao":0,"shapes":[{"ty":"gr","it":[{"ind":0,"ty":"sh","ix":1,"ks":{"a":0,"k":{"i":[[0,0],[0,0],[0,0],[0,0]],"o":[[0,0],[0,0],[0,0],[0,0]],"v":[[10.538,-18.297],[10.538,-7.009],[21.656,-7.009],[21.656,-18.297]],"c":true},"ix":2},"nm":"识","mn":"ADBE Vector Shape - Group","hd":false},{"ind":1,"ty":"sh","ix":2,"ks":{"a":0,"k":{"i":[[0,0],[0,0],[0,0],[0,0]],"o":[[0,0],[0,0],[0,0],[0,0]],"v":[[19.916,-8.701],[12.278,-8.701],[12.278,-16.629],[19.916,-16.629]],"c":true},"ix":2},"nm":"识","mn":"ADBE Vector Shape - Group","hd":false},{"ind":2,"ty":"sh","ix":3,"ks":{"a":0,"k":{"i":[[1.595,1.208],[0,0],[-0.991,-1.16],[0,0]],"o":[[0,0],[1.716,1.305],[0,0],[-1.112,-1.233]],"v":[[3.964,-19.505],[2.755,-18.321],[6.816,-14.623],[8,-15.831]],"c":true},"ix":2},"nm":"识","mn":"ADBE Vector Shape - Group","hd":false},{"ind":3,"ty":"sh","ix":4,"ks":{"a":0,"k":{"i":[[0,0],[0,0],[0,0],[0,0],[0.338,-0.29],[0,0],[-1.402,1.402],[0,0],[0.773,-0.677],[0,0]],"o":[[0,0],[0,0],[0,0],[0,0.387],[0,0],[1.571,-1.088],[0,0],[-0.894,0.894],[0,0],[0,0]],"v":[[1.063,-12.351],[1.063,-10.683],[4.568,-10.683],[4.568,-1.063],[4.061,-0.048],[4.737,1.499],[9.185,-2.224],[8.725,-4.061],[6.236,-1.692],[6.236,-12.351]],"c":true},"ix":2},"nm":"识","mn":"ADBE Vector Shape - Group","hd":false},{"ind":4,"ty":"sh","ix":5,"ks":{"a":0,"k":{"i":[[0,0],[1.668,-1.934],[0,0],[-1.208,2.828]],"o":[[-1.16,2.707],[0,0],[1.644,-2.079],[0,0]],"v":[[13.124,-5.559],[8.87,1.426],[10.393,2.538],[14.671,-4.81]],"c":true},"ix":2},"nm":"识","mn":"ADBE Vector Shape - Group","hd":false},{"ind":5,"ty":"sh","ix":6,"ks":{"a":0,"k":{"i":[[1.909,2.683],[0,0],[-1.063,-2.175],[0,0]],"o":[[0,0],[1.813,2.61],[0,0],[-1.015,-2.006]],"v":[[18.925,-5.632],[17.523,-4.737],[21.825,2.441],[23.324,1.402]],"c":true},"ix":2},"nm":"识","mn":"ADBE Vector Shape - Group","hd":false},{"ty":"mm","mm":1,"nm":"合并路径 1","mn":"ADBE Vector Filter - Merge","hd":false},{"ty":"fl","c":{"a":0,"k":[1,1,1,1],"ix":4},"o":{"a":0,"k":100,"ix":5},"r":1,"bm":0,"nm":"填充 1","mn":"ADBE Vector Graphic - Fill","hd":false},{"ty":"tr","p":{"a":0,"k":[0,0],"ix":2},"a":{"a":0,"k":[0,0],"ix":1},"s":{"a":0,"k":[100,100],"ix":3},"r":{"a":0,"k":0,"ix":6},"o":{"a":0,"k":100,"ix":7},"sk":{"a":0,"k":0,"ix":4},"sa":{"a":0,"k":0,"ix":5},"nm":"变换"}],"nm":"识","np":9,"cix":2,"bm":0,"ix":1,"mn":"ADBE Vector Group","hd":false},{"ty":"gr","it":[{"ind":0,"ty":"sh","ix":1,"ks":{"a":0,"k":{"i":[[0,0],[0.097,-0.918],[0,0],[0,0],[0,0],[0.338,-0.773],[1.861,-1.281],[0,0],[-0.894,2.03],[-0.266,1.499],[0,0],[0.145,-0.604],[1.208,0],[0.701,0.048],[0,0],[-0.338,0],[-0.242,1.595],[0,4.206],[0,0],[-0.048,1.063],[0,0],[0,0],[0,0],[0,0]],"o":[[-0.048,1.063],[0,0],[0,0],[0,0],[-0.218,1.16],[-0.773,1.789],[0,0],[2.054,-1.474],[0.387,-0.918],[0,0],[-0.048,3.07],[-0.193,1.039],[-0.508,0],[0,0],[0.773,0.048],[2.103,0],[0.242,-1.015],[0,0],[0.097,-0.918],[0,0],[0,0],[0,0],[0,0],[0,0]],"v":[[30.188,-11.094],[29.946,-8.145],[25.426,-8.145],[25.426,-6.526],[29.728,-6.526],[28.906,-3.601],[24.943,0.991],[26.054,2.369],[30.478,-2.9],[31.444,-6.526],[35.142,-6.526],[34.876,-1.015],[32.75,0.556],[30.937,0.459],[31.348,2.006],[32.991,2.079],[36.496,-0.338],[36.858,-8.145],[31.662,-8.145],[31.879,-11.094],[36.617,-11.094],[36.617,-18.78],[26.344,-18.78],[26.344,-11.094]],"c":true},"ix":2},"nm":"别","mn":"ADBE Vector Shape - Group","hd":false},{"ind":1,"ty":"sh","ix":2,"ks":{"a":0,"k":{"i":[[0,0],[0,0],[0,0],[0,0]],"o":[[0,0],[0,0],[0,0],[0,0]],"v":[[39.348,-17.62],[39.348,-2.562],[41.04,-2.562],[41.04,-17.62]],"c":true},"ix":2},"nm":"别","mn":"ADBE Vector Shape - Group","hd":false},{"ind":2,"ty":"sh","ix":3,"ks":{"a":0,"k":{"i":[[0,0],[0,1.595],[0,0],[0,0],[0,0],[0.749,0],[1.136,0.073],[0,0]],"o":[[1.499,0],[0,0],[0,0],[0,0],[0,0.87],[-1.015,0],[0,0],[0,0]],"v":[[43.844,2.199],[46.115,-0.218],[46.115,-19.674],[44.375,-19.674],[44.375,-0.653],[43.239,0.653],[40.025,0.532],[40.411,2.199]],"c":true},"ix":2},"nm":"别","mn":"ADBE Vector Shape - Group","hd":false},{"ind":3,"ty":"sh","ix":4,"ks":{"a":0,"k":{"i":[[0,0],[0,0],[0,0],[0,0]],"o":[[0,0],[0,0],[0,0],[0,0]],"v":[[34.949,-12.689],[28.012,-12.689],[28.012,-17.209],[34.949,-17.209]],"c":true},"ix":2},"nm":"别","mn":"ADBE Vector Shape - Group","hd":false},{"ty":"mm","mm":1,"nm":"合并路径 1","mn":"ADBE Vector Filter - Merge","hd":false},{"ty":"fl","c":{"a":0,"k":[1,1,1,1],"ix":4},"o":{"a":0,"k":100,"ix":5},"r":1,"bm":0,"nm":"填充 1","mn":"ADBE Vector Graphic - Fill","hd":false},{"ty":"tr","p":{"a":0,"k":[0,0],"ix":2},"a":{"a":0,"k":[0,0],"ix":1},"s":{"a":0,"k":[100,100],"ix":3},"r":{"a":0,"k":0,"ix":6},"o":{"a":0,"k":100,"ix":7},"sk":{"a":0,"k":0,"ix":4},"sa":{"a":0,"k":0,"ix":5},"nm":"变换"}],"nm":"别","np":7,"cix":2,"bm":0,"ix":2,"mn":"ADBE Vector Group","hd":false},{"ty":"gr","it":[{"ind":0,"ty":"sh","ix":1,"ks":{"a":0,"k":{"i":[[0,0],[1.934,-1.499],[0,0],[-0.894,3.045],[0,0],[1.088,-1.547],[2.296,-1.281],[0,0],[-1.257,1.813],[-0.58,2.925],[0,0],[0.314,-0.773],[0.943,-0.024],[0.87,0.048],[0,0],[-0.798,0],[-0.411,1.644],[-0.145,5.632],[0,0],[-2.32,1.982],[0,0],[0,0],[0,0],[0,0],[2.925,-1.692],[0,0]],"o":[[-0.773,2.369],[0,0],[2.175,-1.692],[0,0],[-0.508,2.562],[-1.184,1.547],[0,0],[2.514,-1.45],[1.112,-1.692],[0,0],[-0.145,5.124],[-0.338,0.87],[-0.822,0],[0,0],[0.749,0.024],[1.789,-0.048],[0.387,-1.619],[0,0],[2.755,-1.74],[0,0],[0,0],[0,0],[0,0],[-2.465,1.909],[0,0],[0,0]],"v":[[61.632,-9.74],[57.571,-3.964],[58.659,-2.635],[63.275,-9.74],[65.185,-9.74],[62.792,-3.553],[57.571,0.701],[58.635,2.054],[64.291,-2.828],[66.853,-9.74],[68.593,-9.74],[67.916,-0.87],[65.982,0.459],[63.445,0.363],[63.928,2.054],[66.248,2.103],[69.535,-0.411],[70.333,-11.287],[61.052,-11.287],[68.689,-16.846],[68.689,-18.369],[58.369,-18.369],[58.369,-16.774],[66.152,-16.774],[58.079,-11.36],[58.079,-9.74]],"c":true},"ix":2},"nm":"场","mn":"ADBE Vector Shape - Group","hd":false},{"ind":1,"ty":"sh","ix":2,"ks":{"a":0,"k":{"i":[[0,0],[0,0],[0,0],[0,0],[1.088,-0.193],[0,0],[-2.344,0.894],[0,0],[1.063,-0.314],[0,0],[0,0],[0,0],[0,0],[0,0],[0,0],[0,0]],"o":[[0,0],[0,0],[0,0],[-1.039,0.242],[0,0],[2.707,-0.604],[0,0],[-0.991,0.387],[0,0],[0,0],[0,0],[0,0],[0,0],[0,0],[0,0],[0,0]],"v":[[49.233,-13.052],[49.233,-11.384],[52.133,-11.384],[52.133,-2.441],[48.943,-1.764],[49.402,0.073],[56.991,-2.175],[56.991,-3.988],[53.922,-2.949],[53.922,-11.384],[56.943,-11.384],[56.943,-13.052],[53.922,-13.052],[53.922,-19.215],[52.133,-19.215],[52.133,-13.052]],"c":true},"ix":2},"nm":"场","mn":"ADBE Vector Shape - Group","hd":false},{"ty":"mm","mm":1,"nm":"合并路径 1","mn":"ADBE Vector Filter - Merge","hd":false},{"ty":"fl","c":{"a":0,"k":[1,1,1,1],"ix":4},"o":{"a":0,"k":100,"ix":5},"r":1,"bm":0,"nm":"填充 1","mn":"ADBE Vector Graphic - Fill","hd":false},{"ty":"tr","p":{"a":0,"k":[0,0],"ix":2},"a":{"a":0,"k":[0,0],"ix":1},"s":{"a":0,"k":[100,100],"ix":3},"r":{"a":0,"k":0,"ix":6},"o":{"a":0,"k":100,"ix":7},"sk":{"a":0,"k":0,"ix":4},"sa":{"a":0,"k":0,"ix":5},"nm":"变换"}],"nm":"场","np":5,"cix":2,"bm":0,"ix":3,"mn":"ADBE Vector Group","hd":false},{"ty":"gr","it":[{"ind":0,"ty":"sh","ix":1,"ks":{"a":0,"k":{"i":[[0,0],[0,0],[0,0],[0,0],[0.483,0],[0.918,0.073],[0,0],[0,0],[0,1.329],[0,0],[0,0],[0,0]],"o":[[0,0],[0,0],[0,0],[0,0.604],[-0.846,0],[0,0],[0,0],[1.233,0],[0,0],[0,0],[0,0],[0,0]],"v":[[76.544,-8],[76.544,-3.118],[83.505,-3.118],[83.505,-0.097],[82.78,0.822],[80.121,0.701],[80.484,2.32],[83.36,2.32],[85.221,0.314],[85.221,-3.118],[91.819,-3.118],[91.819,-8]],"c":true},"ix":2},"nm":"景","mn":"ADBE Vector Shape - Group","hd":false},{"ind":1,"ty":"sh","ix":2,"ks":{"a":0,"k":{"i":[[0,0],[0,0],[0,0],[0,0]],"o":[[0,0],[0,0],[0,0],[0,0]],"v":[[90.127,-4.496],[78.236,-4.496],[78.236,-6.623],[90.127,-6.623]],"c":true},"ix":2},"nm":"景","mn":"ADBE Vector Shape - Group","hd":false},{"ind":2,"ty":"sh","ix":3,"ks":{"a":0,"k":{"i":[[0,0],[0,0],[0,0],[-0.242,-0.508],[0,0],[0,0],[0,0],[0,0],[0,0],[0.218,0.435],[0,0],[0,0]],"o":[[0,0],[0,0],[0.266,0.435],[0,0],[0,0],[0,0],[0,0],[0,0],[-0.193,-0.483],[0,0],[0,0],[0,0]],"v":[[76.133,-19.046],[76.133,-12.157],[82.586,-12.157],[83.36,-10.756],[73.45,-10.756],[73.45,-9.305],[94.72,-9.305],[94.72,-10.756],[85.173,-10.756],[84.568,-12.157],[92.061,-12.157],[92.061,-19.046]],"c":true},"ix":2},"nm":"景","mn":"ADBE Vector Shape - Group","hd":false},{"ind":3,"ty":"sh","ix":4,"ks":{"a":0,"k":{"i":[[0,0],[0,0],[0,0],[0,0]],"o":[[0,0],[0,0],[0,0],[0,0]],"v":[[90.369,-13.535],[77.825,-13.535],[77.825,-14.985],[90.369,-14.985]],"c":true},"ix":2},"nm":"景","mn":"ADBE Vector Shape - Group","hd":false},{"ind":4,"ty":"sh","ix":5,"ks":{"a":0,"k":{"i":[[0,0],[0,0],[0,0],[0,0]],"o":[[0,0],[0,0],[0,0],[0,0]],"v":[[77.825,-16.266],[77.825,-17.668],[90.369,-17.668],[90.369,-16.266]],"c":true},"ix":2},"nm":"景","mn":"ADBE Vector Shape - Group","hd":false},{"ind":5,"ty":"sh","ix":6,"ks":{"a":0,"k":{"i":[[2.32,0.628],[0,0],[-2.199,-1.281],[0,0]],"o":[[0,0],[2.369,0.725],[0,0],[-2.151,-1.208]],"v":[[88.315,-2.248],[87.59,-0.87],[94.43,2.127],[95.034,0.532]],"c":true},"ix":2},"nm":"景","mn":"ADBE Vector Shape - Group","hd":false},{"ind":6,"ty":"sh","ix":7,"ks":{"a":0,"k":{"i":[[0,0],[2.635,-0.846],[0,0],[-1.595,1.378]],"o":[[-1.402,1.208],[0,0],[2.514,-0.87],[0,0]],"v":[[79.178,-2.369],[73.136,0.701],[74.103,2.127],[80.266,-1.257]],"c":true},"ix":2},"nm":"景","mn":"ADBE Vector Shape - Group","hd":false},{"ty":"mm","mm":1,"nm":"合并路径 1","mn":"ADBE Vector Filter - Merge","hd":false},{"ty":"fl","c":{"a":0,"k":[1,1,1,1],"ix":4},"o":{"a":0,"k":100,"ix":5},"r":1,"bm":0,"nm":"填充 1","mn":"ADBE Vector Graphic - Fill","hd":false},{"ty":"tr","p":{"a":0,"k":[0,0],"ix":2},"a":{"a":0,"k":[0,0],"ix":1},"s":{"a":0,"k":[100,100],"ix":3},"r":{"a":0,"k":0,"ix":6},"o":{"a":0,"k":100,"ix":7},"sk":{"a":0,"k":0,"ix":4},"sa":{"a":0,"k":0,"ix":5},"nm":"变换"}],"nm":"景","np":10,"cix":2,"bm":0,"ix":4,"mn":"ADBE Vector Group","hd":false},{"ty":"gr","it":[{"ind":0,"ty":"sh","ix":1,"ks":{"a":0,"k":{"i":[[-0.725,1.063],[0,0],[0,0],[0,0],[-0.58,1.861],[0,0],[2.369,-2.925],[0,0]],"o":[[0,0],[0,0],[0,0],[0.846,-1.644],[0,0],[-1.088,3.771],[0,0],[0.87,-0.967]],"v":[[99.722,-11.118],[99.722,2.465],[101.438,2.465],[101.438,-13.97],[103.565,-19.215],[101.946,-19.964],[96.773,-9.91],[97.329,-8.049]],"c":true},"ix":2},"nm":"信","mn":"ADBE Vector Shape - Group","hd":false},{"ind":1,"ty":"sh","ix":2,"ks":{"a":0,"k":{"i":[[0,0],[0,0],[0,0],[0,0],[0,0],[0,0],[0.508,1.063],[0,0],[-0.363,-0.967]],"o":[[0,0],[0,0],[0,0],[0,0],[0,0],[-0.29,-0.894],[0,0],[0.483,0.918],[0,0]],"v":[[103.469,-16.556],[103.469,-14.913],[119.203,-14.913],[119.203,-16.556],[111.59,-16.556],[112.508,-16.895],[111.324,-19.819],[109.656,-19.36],[110.913,-16.556]],"c":true},"ix":2},"nm":"信","mn":"ADBE Vector Shape - Group","hd":false},{"ind":2,"ty":"sh","ix":3,"ks":{"a":0,"k":{"i":[[0,0],[0,0],[0,0],[0,0]],"o":[[0,0],[0,0],[0,0],[0,0]],"v":[[105.692,-12.955],[105.692,-11.384],[117.125,-11.384],[117.125,-12.955]],"c":true},"ix":2},"nm":"信","mn":"ADBE Vector Shape - Group","hd":false},{"ind":3,"ty":"sh","ix":4,"ks":{"a":0,"k":{"i":[[0,0],[0,0],[0,0],[0,0]],"o":[[0,0],[0,0],[0,0],[0,0]],"v":[[105.692,-9.547],[105.692,-7.952],[117.125,-7.952],[117.125,-9.547]],"c":true},"ix":2},"nm":"信","mn":"ADBE Vector Shape - Group","hd":false},{"ind":4,"ty":"sh","ix":5,"ks":{"a":0,"k":{"i":[[0,0],[0,0],[0,0],[0,0],[0,0],[0,0],[0,0],[0,0]],"o":[[0,0],[0,0],[0,0],[0,0],[0,0],[0,0],[0,0],[0,0]],"v":[[117.56,-5.97],[105.233,-5.97],[105.233,2.417],[106.925,2.417],[106.925,1.112],[115.868,1.112],[115.868,2.417],[117.56,2.417]],"c":true},"ix":2},"nm":"信","mn":"ADBE Vector Shape - Group","hd":false},{"ind":5,"ty":"sh","ix":6,"ks":{"a":0,"k":{"i":[[0,0],[0,0],[0,0],[0,0]],"o":[[0,0],[0,0],[0,0],[0,0]],"v":[[106.925,-0.532],[106.925,-4.351],[115.868,-4.351],[115.868,-0.532]],"c":true},"ix":2},"nm":"信","mn":"ADBE Vector Shape - Group","hd":false},{"ty":"mm","mm":1,"nm":"合并路径 1","mn":"ADBE Vector Filter - Merge","hd":false},{"ty":"fl","c":{"a":0,"k":[1,1,1,1],"ix":4},"o":{"a":0,"k":100,"ix":5},"r":1,"bm":0,"nm":"填充 1","mn":"ADBE Vector Graphic - Fill","hd":false},{"ty":"tr","p":{"a":0,"k":[0,0],"ix":2},"a":{"a":0,"k":[0,0],"ix":1},"s":{"a":0,"k":[100,100],"ix":3},"r":{"a":0,"k":0,"ix":6},"o":{"a":0,"k":100,"ix":7},"sk":{"a":0,"k":0,"ix":4},"sa":{"a":0,"k":0,"ix":5},"nm":"变换"}],"nm":"信","np":9,"cix":2,"bm":0,"ix":5,"mn":"ADBE Vector Group","hd":false},{"ty":"gr","it":[{"ind":0,"ty":"sh","ix":1,"ks":{"a":0,"k":{"i":[[0,0],[0,0],[0,0],[0,0],[0,0],[-0.193,0.604],[0,0],[0.338,-0.628]],"o":[[0,0],[0,0],[0,0],[0,0],[0.29,-0.532],[0,0],[-0.169,0.677],[0,0]],"v":[[124.616,-17.958],[124.616,-6.139],[139.747,-6.139],[139.747,-17.958],[131.771,-17.958],[132.496,-19.65],[130.683,-19.892],[129.934,-17.958]],"c":true},"ix":2},"nm":"息","mn":"ADBE Vector Shape - Group","hd":false},{"ind":1,"ty":"sh","ix":2,"ks":{"a":0,"k":{"i":[[0,0],[0,0],[0,0],[0,0]],"o":[[0,0],[0,0],[0,0],[0,0]],"v":[[138.055,-7.638],[126.308,-7.638],[126.308,-9.668],[138.055,-9.668]],"c":true},"ix":2},"nm":"息","mn":"ADBE Vector Shape - Group","hd":false},{"ind":2,"ty":"sh","ix":3,"ks":{"a":0,"k":{"i":[[0,0],[0,0],[0,0],[0,0]],"o":[[0,0],[0,0],[0,0],[0,0]],"v":[[126.308,-11.07],[126.308,-13.052],[138.055,-13.052],[138.055,-11.07]],"c":true},"ix":2},"nm":"息","mn":"ADBE Vector Shape - Group","hd":false},{"ind":3,"ty":"sh","ix":4,"ks":{"a":0,"k":{"i":[[0,0],[0,0],[0,0],[0,0]],"o":[[0,0],[0,0],[0,0],[0,0]],"v":[[126.308,-14.454],[126.308,-16.436],[138.055,-16.436],[138.055,-14.454]],"c":true},"ix":2},"nm":"息","mn":"ADBE Vector Shape - Group","hd":false},{"ind":4,"ty":"sh","ix":5,"ks":{"a":0,"k":{"i":[[0,0],[1.039,-1.547],[0,0],[-0.58,2.224]],"o":[[-0.459,1.885],[0,0],[1.039,-1.644],[0,0]],"v":[[123.408,-4.496],[121.16,0.677],[122.635,1.619],[125.052,-4.157]],"c":true},"ix":2},"nm":"息","mn":"ADBE Vector Shape - Group","hd":false},{"ind":5,"ty":"sh","ix":6,"ks":{"a":0,"k":{"i":[[0,0],[-0.435,0.363],[-0.193,2.03],[0,0],[0.29,-0.338],[0.556,0],[0,0],[0,0.556],[0,0],[0,0],[0,0],[-1.402,0]],"o":[[0.918,0],[0.483,-0.459],[0,0],[-0.097,1.571],[-0.193,0.242],[0,0],[-0.556,0],[0,0],[0,0],[0,0],[0,1.354],[0,0]],"v":[[135.058,2.054],[137.112,1.499],[138.127,-2.224],[136.46,-2.755],[135.855,0.097],[134.719,0.483],[129.354,0.483],[128.532,-0.363],[128.532,-4.616],[126.768,-4.616],[126.768,0],[128.846,2.054]],"c":true},"ix":2},"nm":"息","mn":"ADBE Vector Shape - Group","hd":false},{"ind":6,"ty":"sh","ix":7,"ks":{"a":0,"k":{"i":[[1.305,1.257],[0,0],[-0.725,-1.039],[0,0]],"o":[[0,0],[1.257,1.257],[0,0],[-0.701,-0.943]],"v":[[131.819,-5.487],[130.538,-4.689],[133.487,-1.257],[134.816,-2.175]],"c":true},"ix":2},"nm":"息","mn":"ADBE Vector Shape - Group","hd":false},{"ind":7,"ty":"sh","ix":8,"ks":{"a":0,"k":{"i":[[1.547,1.934],[0,0],[-0.87,-1.571],[0,0]],"o":[[0,0],[1.474,1.909],[0,0],[-0.822,-1.45]],"v":[[139.626,-4.931],[138.272,-4.085],[141.801,1.136],[143.179,0.169]],"c":true},"ix":2},"nm":"息","mn":"ADBE Vector Shape - Group","hd":false},{"ty":"mm","mm":1,"nm":"合并路径 1","mn":"ADBE Vector Filter - Merge","hd":false},{"ty":"fl","c":{"a":0,"k":[1,1,1,1],"ix":4},"o":{"a":0,"k":100,"ix":5},"r":1,"bm":0,"nm":"填充 1","mn":"ADBE Vector Graphic - Fill","hd":false},{"ty":"tr","p":{"a":0,"k":[0,0],"ix":2},"a":{"a":0,"k":[0,0],"ix":1},"s":{"a":0,"k":[100,100],"ix":3},"r":{"a":0,"k":0,"ix":6},"o":{"a":0,"k":100,"ix":7},"sk":{"a":0,"k":0,"ix":4},"sa":{"a":0,"k":0,"ix":5},"nm":"变换"}],"nm":"息","np":11,"cix":2,"bm":0,"ix":6,"mn":"ADBE Vector Group","hd":false},{"ty":"gr","it":[{"ind":0,"ty":"sh","ix":1,"ks":{"a":0,"k":{"i":[[0.387,0],[0.266,-0.29],[0,-0.435],[-0.29,-0.29],[-0.435,0],[-0.29,0.29],[0,0.411],[0.29,0.29]],"o":[[-0.435,0],[-0.29,0.29],[0,0.411],[0.266,0.29],[0.387,0],[0.29,-0.29],[0,-0.435],[-0.29,-0.29]],"v":[[147.19,-2.876],[146.151,-2.441],[145.716,-1.378],[146.151,-0.338],[147.19,0.097],[148.23,-0.338],[148.665,-1.378],[148.23,-2.441]],"c":true},"ix":2},"nm":".","mn":"ADBE Vector Shape - Group","hd":false},{"ty":"fl","c":{"a":0,"k":[1,1,1,1],"ix":4},"o":{"a":0,"k":100,"ix":5},"r":1,"bm":0,"nm":"填充 1","mn":"ADBE Vector Graphic - Fill","hd":false},{"ty":"tr","p":{"a":0,"k":[0,0],"ix":2},"a":{"a":0,"k":[0,0],"ix":1},"s":{"a":0,"k":[100,100],"ix":3},"r":{"a":0,"k":0,"ix":6},"o":{"a":0,"k":100,"ix":7},"sk":{"a":0,"k":0,"ix":4},"sa":{"a":0,"k":0,"ix":5},"nm":"变换"}],"nm":".","np":3,"cix":2,"bm":0,"ix":7,"mn":"ADBE Vector Group","hd":false},{"ty":"gr","it":[{"ind":0,"ty":"sh","ix":1,"ks":{"a":0,"k":{"i":[[0.387,0],[0.266,-0.29],[0,-0.435],[-0.29,-0.29],[-0.435,0],[-0.29,0.29],[0,0.411],[0.29,0.29]],"o":[[-0.435,0],[-0.29,0.29],[0,0.411],[0.266,0.29],[0.387,0],[0.29,-0.29],[0,-0.435],[-0.29,-0.29]],"v":[[153.526,-2.876],[152.487,-2.441],[152.052,-1.378],[152.487,-0.338],[153.526,0.097],[154.566,-0.338],[155.001,-1.378],[154.566,-2.441]],"c":true},"ix":2},"nm":".","mn":"ADBE Vector Shape - Group","hd":false},{"ty":"fl","c":{"a":0,"k":[1,1,1,1],"ix":4},"o":{"a":0,"k":100,"ix":5},"r":1,"bm":0,"nm":"填充 1","mn":"ADBE Vector Graphic - Fill","hd":false},{"ty":"tr","p":{"a":0,"k":[0,0],"ix":2},"a":{"a":0,"k":[0,0],"ix":1},"s":{"a":0,"k":[100,100],"ix":3},"r":{"a":0,"k":0,"ix":6},"o":{"a":0,"k":100,"ix":7},"sk":{"a":0,"k":0,"ix":4},"sa":{"a":0,"k":0,"ix":5},"nm":"变换"}],"nm":".","np":3,"cix":2,"bm":0,"ix":8,"mn":"ADBE Vector Group","hd":false},{"ty":"gr","it":[{"ind":0,"ty":"sh","ix":1,"ks":{"a":0,"k":{"i":[[0.387,0],[0.266,-0.29],[0,-0.435],[-0.29,-0.29],[-0.435,0],[-0.29,0.29],[0,0.411],[0.29,0.29]],"o":[[-0.435,0],[-0.29,0.29],[0,0.411],[0.266,0.29],[0.387,0],[0.29,-0.29],[0,-0.435],[-0.29,-0.29]],"v":[[159.862,-2.876],[158.823,-2.441],[158.388,-1.378],[158.823,-0.338],[159.862,0.097],[160.901,-0.338],[161.336,-1.378],[160.901,-2.441]],"c":true},"ix":2},"nm":".","mn":"ADBE Vector Shape - Group","hd":false},{"ty":"fl","c":{"a":0,"k":[1,1,1,1],"ix":4},"o":{"a":0,"k":100,"ix":5},"r":1,"bm":0,"nm":"填充 1","mn":"ADBE Vector Graphic - Fill","hd":false},{"ty":"tr","p":{"a":0,"k":[0,0],"ix":2},"a":{"a":0,"k":[0,0],"ix":1},"s":{"a":0,"k":[100,100],"ix":3},"r":{"a":0,"k":0,"ix":6},"o":{"a":0,"k":100,"ix":7},"sk":{"a":0,"k":0,"ix":4},"sa":{"a":0,"k":0,"ix":5},"nm":"变换"}],"nm":".","np":3,"cix":2,"bm":0,"ix":9,"mn":"ADBE Vector Group","hd":false}],"ip":0,"op":25,"st":0,"bm":0}],"markers":[]}