{"v":"5.4.4","fr":25,"ip":8,"op":118,"w":750,"h":1146,"nm":"呼风唤雨","ddd":0,"assets":[{"id":"image_0","w":56,"h":56,"u":"images/","p":"img_0.png","e":0},{"id":"image_1","w":56,"h":56,"u":"images/","p":"img_1.png","e":0},{"id":"image_2","w":56,"h":56,"u":"images/","p":"img_2.png","e":0},{"id":"image_3","w":56,"h":56,"u":"images/","p":"img_3.png","e":0},{"id":"image_4","w":56,"h":56,"u":"images/","p":"img_4.png","e":0},{"id":"image_5","w":56,"h":56,"u":"images/","p":"img_5.png","e":0},{"id":"image_6","w":56,"h":56,"u":"images/","p":"img_6.png","e":0},{"id":"image_7","w":56,"h":56,"u":"images/","p":"img_7.png","e":0},{"id":"image_8","w":56,"h":56,"u":"images/","p":"img_8.png","e":0}],"layers":[{"ddd":0,"ind":1,"ty":2,"nm":"84-1@2x.png","cl":"png","refId":"image_0","sr":1,"ks":{"o":{"a":0,"k":100,"ix":11},"r":{"a":0,"k":0,"ix":10},"p":{"a":1,"k":[{"i":{"x":0.484,"y":0.081},"o":{"x":0.568,"y":0.935},"t":74,"s":[139,2019,0],"e":[523,2003,0],"to":[124.667,-1587.667,0],"ti":[-7,-1591,0]},{"t":115}],"ix":2},"a":{"a":0,"k":[28,28,0],"ix":1},"s":{"a":0,"k":[100,100,100],"ix":6}},"ao":0,"ip":0,"op":250,"st":0,"bm":0},{"ddd":0,"ind":2,"ty":2,"nm":"tissue@2x.png","cl":"png","refId":"image_1","sr":1,"ks":{"o":{"a":0,"k":100,"ix":11},"r":{"a":0,"k":0,"ix":10},"p":{"a":1,"k":[{"i":{"x":0.484,"y":0.081},"o":{"x":0.568,"y":0.935},"t":72,"s":[379,2099,0],"e":[763,2083,0],"to":[124.667,-1587.667,0],"ti":[-7,-1591,0]},{"t":113}],"ix":2},"a":{"a":0,"k":[28,28,0],"ix":1},"s":{"a":0,"k":[100,100,100],"ix":6}},"ao":0,"ip":0,"op":250,"st":0,"bm":0},{"ddd":0,"ind":3,"ty":2,"nm":"water2@2x.png","cl":"png","refId":"image_2","sr":1,"ks":{"o":{"a":0,"k":100,"ix":11},"r":{"a":0,"k":0,"ix":10},"p":{"a":1,"k":[{"i":{"x":0.484,"y":0.074},"o":{"x":0.568,"y":0.942},"t":76,"s":[619,2031,0],"e":[195,2015,0],"to":[-159.333,-1679.667,0],"ti":[61,-1467,0]},{"t":117}],"ix":2},"a":{"a":0,"k":[28,28,0],"ix":1},"s":{"a":0,"k":[100,100,100],"ix":6}},"ao":0,"ip":0,"op":250,"st":0,"bm":0},{"ddd":0,"ind":4,"ty":2,"nm":"84-2@2x.png","cl":"png","refId":"image_3","sr":1,"ks":{"o":{"a":0,"k":100,"ix":11},"r":{"a":0,"k":0,"ix":10},"p":{"a":1,"k":[{"i":{"x":0.484,"y":0.081},"o":{"x":0.568,"y":0.935},"t":74,"s":[-101,2099,0],"e":[283,2083,0],"to":[124.667,-1587.667,0],"ti":[-7,-1591,0]},{"t":115}],"ix":2},"a":{"a":0,"k":[28,28,0],"ix":1},"s":{"a":0,"k":[100,100,100],"ix":6}},"ao":0,"ip":-5,"op":245,"st":-5,"bm":0},{"ddd":0,"ind":5,"ty":2,"nm":"84-3@2x.png","cl":"png","refId":"image_4","sr":1,"ks":{"o":{"a":0,"k":100,"ix":11},"r":{"a":0,"k":0,"ix":10},"p":{"a":1,"k":[{"i":{"x":0.484,"y":0.081},"o":{"x":0.568,"y":0.935},"t":54,"s":[219,1579,0],"e":[603,1563,0],"to":[124.667,-1587.667,0],"ti":[-7,-1591,0]},{"t":95}],"ix":2},"a":{"a":0,"k":[28,28,0],"ix":1},"s":{"a":0,"k":[100,100,100],"ix":6}},"ao":0,"ip":0,"op":250,"st":0,"bm":0},{"ddd":0,"ind":6,"ty":2,"nm":"84-1@2x.png","cl":"png","refId":"image_0","sr":1,"ks":{"o":{"a":0,"k":100,"ix":11},"r":{"a":0,"k":0,"ix":10},"p":{"a":1,"k":[{"i":{"x":0.484,"y":0.081},"o":{"x":0.568,"y":0.935},"t":51,"s":[179,1651,0],"e":[563,1635,0],"to":[124.667,-1587.667,0],"ti":[-7,-1591,0]},{"t":92}],"ix":2},"a":{"a":0,"k":[28,28,0],"ix":1},"s":{"a":0,"k":[100,100,100],"ix":6}},"ao":0,"ip":0,"op":250,"st":0,"bm":0},{"ddd":0,"ind":7,"ty":2,"nm":"84-1@2x.png","cl":"png","refId":"image_0","sr":1,"ks":{"o":{"a":0,"k":100,"ix":11},"r":{"a":0,"k":0,"ix":10},"p":{"a":1,"k":[{"i":{"x":0.484,"y":0.081},"o":{"x":0.568,"y":0.935},"t":55,"s":[59,1651,0],"e":[443,1635,0],"to":[124.667,-1587.667,0],"ti":[-7,-1591,0]},{"t":96}],"ix":2},"a":{"a":0,"k":[28,28,0],"ix":1},"s":{"a":0,"k":[100,100,100],"ix":6}},"ao":0,"ip":0,"op":250,"st":0,"bm":0},{"ddd":0,"ind":8,"ty":2,"nm":"84-2@2x.png","cl":"png","refId":"image_3","sr":1,"ks":{"o":{"a":0,"k":100,"ix":11},"r":{"a":0,"k":0,"ix":10},"p":{"a":1,"k":[{"i":{"x":0.484,"y":0.081},"o":{"x":0.568,"y":0.935},"t":53,"s":[339,1691,0],"e":[723,1675,0],"to":[124.667,-1587.667,0],"ti":[-7,-1591,0]},{"t":94}],"ix":2},"a":{"a":0,"k":[28,28,0],"ix":1},"s":{"a":0,"k":[100,100,100],"ix":6}},"ao":0,"ip":0,"op":250,"st":0,"bm":0},{"ddd":0,"ind":9,"ty":2,"nm":"water2@2x.png","cl":"png","refId":"image_5","sr":1,"ks":{"o":{"a":0,"k":100,"ix":11},"r":{"a":0,"k":0,"ix":10},"p":{"a":1,"k":[{"i":{"x":0.484,"y":0.074},"o":{"x":0.568,"y":0.942},"t":55,"s":[459,1687,0],"e":[35,1671,0],"to":[-159.333,-1679.667,0],"ti":[61,-1467,0]},{"t":96}],"ix":2},"a":{"a":0,"k":[28,28,0],"ix":1},"s":{"a":0,"k":[100,100,100],"ix":6}},"ao":0,"ip":0,"op":250,"st":0,"bm":0},{"ddd":0,"ind":10,"ty":2,"nm":"84-2@2x.png","cl":"png","refId":"image_3","sr":1,"ks":{"o":{"a":0,"k":100,"ix":11},"r":{"a":0,"k":0,"ix":10},"p":{"a":1,"k":[{"i":{"x":0.484,"y":0.074},"o":{"x":0.568,"y":0.942},"t":52,"s":[459,1639,0],"e":[35,1623,0],"to":[-159.333,-1679.667,0],"ti":[61,-1467,0]},{"t":93}],"ix":2},"a":{"a":0,"k":[28,28,0],"ix":1},"s":{"a":0,"k":[100,100,100],"ix":6}},"ao":0,"ip":0,"op":250,"st":0,"bm":0},{"ddd":0,"ind":11,"ty":2,"nm":"water2@2x.png","cl":"png","refId":"image_2","sr":1,"ks":{"o":{"a":0,"k":100,"ix":11},"r":{"a":0,"k":0,"ix":10},"p":{"a":1,"k":[{"i":{"x":0.484,"y":0.074},"o":{"x":0.568,"y":0.942},"t":54,"s":[939,1607,0],"e":[515,1591,0],"to":[-159.333,-1679.667,0],"ti":[61,-1467,0]},{"t":95}],"ix":2},"a":{"a":0,"k":[28,28,0],"ix":1},"s":{"a":0,"k":[100,100,100],"ix":6}},"ao":0,"ip":0,"op":250,"st":0,"bm":0},{"ddd":0,"ind":12,"ty":2,"nm":"soap@2x.png","cl":"png","refId":"image_6","sr":1,"ks":{"o":{"a":0,"k":100,"ix":11},"r":{"a":0,"k":0,"ix":10},"p":{"a":1,"k":[{"i":{"x":0.484,"y":0.074},"o":{"x":0.568,"y":0.942},"t":51,"s":[699,1619,0],"e":[275,1603,0],"to":[-159.333,-1679.667,0],"ti":[61,-1467,0]},{"t":92}],"ix":2},"a":{"a":0,"k":[28,28,0],"ix":1},"s":{"a":0,"k":[100,100,100],"ix":6}},"ao":0,"ip":0,"op":250,"st":0,"bm":0},{"ddd":0,"ind":13,"ty":2,"nm":"84-2@2x.png","cl":"png","refId":"image_3","sr":1,"ks":{"o":{"a":0,"k":100,"ix":11},"r":{"a":0,"k":0,"ix":10},"p":{"a":1,"k":[{"i":{"x":0.484,"y":0.074},"o":{"x":0.568,"y":0.942},"t":53,"s":[739,1647,0],"e":[315,1631,0],"to":[-159.333,-1679.667,0],"ti":[61,-1467,0]},{"t":94}],"ix":2},"a":{"a":0,"k":[28,28,0],"ix":1},"s":{"a":0,"k":[100,100,100],"ix":6}},"ao":0,"ip":0,"op":250,"st":0,"bm":0},{"ddd":0,"ind":14,"ty":2,"nm":"84-2@2x.png","cl":"png","refId":"image_3","sr":1,"ks":{"o":{"a":0,"k":100,"ix":11},"r":{"a":0,"k":0,"ix":10},"p":{"a":1,"k":[{"i":{"x":0.484,"y":0.074},"o":{"x":0.568,"y":0.942},"t":51,"s":[579,1687,0],"e":[155,1671,0],"to":[-159.333,-1679.667,0],"ti":[61,-1467,0]},{"t":92}],"ix":2},"a":{"a":0,"k":[28,28,0],"ix":1},"s":{"a":0,"k":[100,100,100],"ix":6}},"ao":0,"ip":0,"op":250,"st":0,"bm":0},{"ddd":0,"ind":15,"ty":2,"nm":"84-1@2x.png","cl":"png","refId":"image_0","sr":1,"ks":{"o":{"a":0,"k":100,"ix":11},"r":{"a":0,"k":0,"ix":10},"p":{"a":1,"k":[{"i":{"x":0.534,"y":0.118},"o":{"x":0.512,"y":0.899},"t":33,"s":[179,1423,0],"e":[763,1427,0],"to":[280.667,-1535.667,0],"ti":[-79,-1471,0]},{"t":76}],"ix":2},"a":{"a":0,"k":[28,28,0],"ix":1},"s":{"a":0,"k":[100,100,100],"ix":6}},"ao":0,"ip":0,"op":250,"st":0,"bm":0},{"ddd":0,"ind":16,"ty":2,"nm":"tissue@2x.png","cl":"png","refId":"image_1","sr":1,"ks":{"o":{"a":0,"k":100,"ix":11},"r":{"a":0,"k":0,"ix":10},"p":{"a":1,"k":[{"i":{"x":0.534,"y":0.118},"o":{"x":0.512,"y":0.899},"t":35,"s":[-61,1383,0],"e":[523,1387,0],"to":[280.667,-1535.667,0],"ti":[-79,-1471,0]},{"t":78}],"ix":2},"a":{"a":0,"k":[28,28,0],"ix":1},"s":{"a":0,"k":[100,100,100],"ix":6}},"ao":0,"ip":0,"op":250,"st":0,"bm":0},{"ddd":0,"ind":17,"ty":2,"nm":"84-2@2x.png","cl":"png","refId":"image_3","sr":1,"ks":{"o":{"a":0,"k":100,"ix":11},"r":{"a":0,"k":0,"ix":10},"p":{"a":1,"k":[{"i":{"x":0.534,"y":0.118},"o":{"x":0.512,"y":0.899},"t":33,"s":[99,1463,0],"e":[683,1467,0],"to":[280.667,-1535.667,0],"ti":[-79,-1471,0]},{"t":76}],"ix":2},"a":{"a":0,"k":[28,28,0],"ix":1},"s":{"a":0,"k":[100,100,100],"ix":6}},"ao":0,"ip":0,"op":250,"st":0,"bm":0},{"ddd":0,"ind":18,"ty":2,"nm":"water2@2x.png","cl":"png","refId":"image_7","sr":1,"ks":{"o":{"a":0,"k":100,"ix":11},"r":{"a":0,"k":0,"ix":10},"p":{"a":1,"k":[{"i":{"x":0.484,"y":0.074},"o":{"x":0.568,"y":0.942},"t":35,"s":[739,1623,0],"e":[315,1607,0],"to":[-159.333,-1679.667,0],"ti":[61,-1467,0]},{"t":76}],"ix":2},"a":{"a":0,"k":[28,28,0],"ix":1},"s":{"a":0,"k":[100,100,100],"ix":6}},"ao":0,"ip":0,"op":250,"st":0,"bm":0},{"ddd":0,"ind":19,"ty":2,"nm":"84-1@2x.png","cl":"png","refId":"image_0","sr":1,"ks":{"o":{"a":0,"k":100,"ix":11},"r":{"a":0,"k":0,"ix":10},"p":{"a":1,"k":[{"i":{"x":0.484,"y":0.074},"o":{"x":0.568,"y":0.942},"t":34,"s":[415,1423,0],"e":[-9,1407,0],"to":[-159.333,-1679.667,0],"ti":[61,-1467,0]},{"t":75}],"ix":2},"a":{"a":0,"k":[28,28,0],"ix":1},"s":{"a":0,"k":[100,100,100],"ix":6}},"ao":0,"ip":0,"op":250,"st":0,"bm":0},{"ddd":0,"ind":20,"ty":2,"nm":"soap@2x.png","cl":"png","refId":"image_6","sr":1,"ks":{"o":{"a":0,"k":100,"ix":11},"r":{"a":0,"k":0,"ix":10},"p":{"a":1,"k":[{"i":{"x":0.484,"y":0.074},"o":{"x":0.568,"y":0.942},"t":35,"s":[579,1367,0],"e":[155,1351,0],"to":[-159.333,-1679.667,0],"ti":[61,-1467,0]},{"t":76}],"ix":2},"a":{"a":0,"k":[28,28,0],"ix":1},"s":{"a":0,"k":[100,100,100],"ix":6}},"ao":0,"ip":0,"op":250,"st":0,"bm":0},{"ddd":0,"ind":21,"ty":2,"nm":"84-3@2x.png","cl":"png","refId":"image_4","sr":1,"ks":{"o":{"a":0,"k":100,"ix":11},"r":{"a":0,"k":0,"ix":10},"p":{"a":1,"k":[{"i":{"x":0.484,"y":0.074},"o":{"x":0.568,"y":0.942},"t":32,"s":[699,1503,0],"e":[275,1487,0],"to":[-159.333,-1679.667,0],"ti":[61,-1467,0]},{"t":73}],"ix":2},"a":{"a":0,"k":[28,28,0],"ix":1},"s":{"a":0,"k":[100,100,100],"ix":6}},"ao":0,"ip":0,"op":250,"st":0,"bm":0},{"ddd":0,"ind":22,"ty":2,"nm":"water1@2x.png","cl":"png","refId":"image_8","sr":1,"ks":{"o":{"a":0,"k":100,"ix":11},"r":{"a":0,"k":0,"ix":10},"p":{"a":1,"k":[{"i":{"x":0.484,"y":0.074},"o":{"x":0.568,"y":0.942},"t":30,"s":[579,1503,0],"e":[155,1487,0],"to":[-159.333,-1679.667,0],"ti":[61,-1467,0]},{"t":71}],"ix":2},"a":{"a":0,"k":[28,28,0],"ix":1},"s":{"a":0,"k":[100,100,100],"ix":6}},"ao":0,"ip":0,"op":250,"st":0,"bm":0},{"ddd":0,"ind":23,"ty":2,"nm":"84-2@2x.png","cl":"png","refId":"image_3","sr":1,"ks":{"o":{"a":0,"k":100,"ix":11},"r":{"a":0,"k":0,"ix":10},"p":{"a":1,"k":[{"i":{"x":0.484,"y":0.074},"o":{"x":0.568,"y":0.942},"t":33,"s":[419,1375,0],"e":[-5,1359,0],"to":[-159.333,-1679.667,0],"ti":[61,-1467,0]},{"t":74}],"ix":2},"a":{"a":0,"k":[28,28,0],"ix":1},"s":{"a":0,"k":[100,100,100],"ix":6}},"ao":0,"ip":0,"op":250,"st":0,"bm":0},{"ddd":0,"ind":24,"ty":2,"nm":"84-2@2x.png","cl":"png","refId":"image_3","sr":1,"ks":{"o":{"a":0,"k":100,"ix":11},"r":{"a":0,"k":0,"ix":10},"p":{"a":1,"k":[{"i":{"x":0.484,"y":0.074},"o":{"x":0.568,"y":0.942},"t":31,"s":[779,1503,0],"e":[355,1487,0],"to":[-159.333,-1679.667,0],"ti":[61,-1467,0]},{"t":72}],"ix":2},"a":{"a":0,"k":[28,28,0],"ix":1},"s":{"a":0,"k":[100,100,100],"ix":6}},"ao":0,"ip":0,"op":250,"st":0,"bm":0},{"ddd":0,"ind":25,"ty":2,"nm":"water2@2x.png","cl":"png","refId":"image_2","sr":1,"ks":{"o":{"a":0,"k":100,"ix":11},"r":{"a":0,"k":0,"ix":10},"p":{"a":1,"k":[{"i":{"x":0.484,"y":0.075},"o":{"x":0.568,"y":0.941},"t":11,"s":[215,1423,0],"e":[679,1435,0],"to":[216.667,-1651.667,0],"ti":[5,-1471,0]},{"t":52}],"ix":2},"a":{"a":0,"k":[28,28,0],"ix":1},"s":{"a":0,"k":[100,100,100],"ix":6}},"ao":0,"ip":0,"op":250,"st":0,"bm":0},{"ddd":0,"ind":26,"ty":2,"nm":"84-1@2x.png","cl":"png","refId":"image_0","sr":1,"ks":{"o":{"a":0,"k":100,"ix":11},"r":{"a":0,"k":0,"ix":10},"p":{"a":1,"k":[{"i":{"x":0.484,"y":0.074},"o":{"x":0.568,"y":0.942},"t":9,"s":[539,1423,0],"e":[115,1407,0],"to":[-159.333,-1679.667,0],"ti":[61,-1467,0]},{"t":50}],"ix":2},"a":{"a":0,"k":[28,28,0],"ix":1},"s":{"a":0,"k":[100,100,100],"ix":6}},"ao":0,"ip":0,"op":250,"st":0,"bm":0},{"ddd":0,"ind":27,"ty":2,"nm":"water2@2x.png","cl":"png","refId":"image_5","sr":1,"ks":{"o":{"a":0,"k":100,"ix":11},"r":{"a":0,"k":0,"ix":10},"p":{"a":1,"k":[{"i":{"x":0.484,"y":0.074},"o":{"x":0.568,"y":0.942},"t":10,"s":[619,1383,0],"e":[195,1367,0],"to":[-159.333,-1679.667,0],"ti":[61,-1467,0]},{"t":51}],"ix":2},"a":{"a":0,"k":[28,28,0],"ix":1},"s":{"a":0,"k":[100,100,100],"ix":6}},"ao":0,"ip":0,"op":250,"st":0,"bm":0},{"ddd":0,"ind":28,"ty":2,"nm":"water2@2x.png","cl":"png","refId":"image_7","sr":1,"ks":{"o":{"a":0,"k":100,"ix":11},"r":{"a":0,"k":0,"ix":10},"p":{"a":1,"k":[{"i":{"x":0.484,"y":0.074},"o":{"x":0.568,"y":0.942},"t":9,"s":[459,1423,0],"e":[35,1407,0],"to":[-159.333,-1679.667,0],"ti":[61,-1467,0]},{"t":50}],"ix":2},"a":{"a":0,"k":[28,28,0],"ix":1},"s":{"a":0,"k":[100,100,100],"ix":6}},"ao":0,"ip":0,"op":250,"st":0,"bm":0},{"ddd":0,"ind":29,"ty":2,"nm":"water1@2x.png","cl":"png","refId":"image_8","sr":1,"ks":{"o":{"a":0,"k":100,"ix":11},"r":{"a":0,"k":0,"ix":10},"p":{"a":1,"k":[{"i":{"x":0.484,"y":0.074},"o":{"x":0.568,"y":0.942},"t":11,"s":[659,1463,0],"e":[235,1447,0],"to":[-159.333,-1679.667,0],"ti":[61,-1467,0]},{"t":52}],"ix":2},"a":{"a":0,"k":[28,28,0],"ix":1},"s":{"a":0,"k":[100,100,100],"ix":6}},"ao":0,"ip":0,"op":250,"st":0,"bm":0},{"ddd":0,"ind":30,"ty":2,"nm":"84-2@2x.png","cl":"png","refId":"image_3","sr":1,"ks":{"o":{"a":0,"k":100,"ix":11},"r":{"a":0,"k":0,"ix":10},"p":{"a":1,"k":[{"i":{"x":0.484,"y":0.074},"o":{"x":0.568,"y":0.942},"t":9,"s":[779,1383,0],"e":[355,1367,0],"to":[-159.333,-1679.667,0],"ti":[61,-1467,0]},{"t":50}],"ix":2},"a":{"a":0,"k":[28,28,0],"ix":1},"s":{"a":0,"k":[100,100,100],"ix":6}},"ao":0,"ip":0,"op":250,"st":0,"bm":0}],"markers":[]}