{
	"gpuModels": [
		{
			"gpu": "Mali-T860",
			"filamentSupport": false,
			"filamentWhiteList": [
				"OPPO XXX"
			]
		},
		{
			"gpu": "Mali-T720",
			"filamentSupport": false
		},
		{
			"gpu": "GE8320",
			"filamentSupport": false
		},
		{
			"gpu": "Adreno (TM) 308",
			"filamentSupport": false
		},
		{
			"gpu": "Adreno (TM) 505",
			"filamentSupport": false
		}
	],

	"deviceModels": [
		{
			"device": "VIVO_V1732T",
			"openclSupport": false
		},
		{
			"device": "VIVO_vivo_Y71",
			"openclSupport": false,
			"shareGLContextError": true
		},
		{
			"device": "VIVO_vivo_Y51A",
			"openclSupport": false,
			"shareGLContextError": true
		},
		{
			"device": "VIVO_vivo_X9Plus",
			"renderBlackList": [
				"render.fxaa"
			]
		},
		{
			"device": "VIVO_vivo_V3Max_A",
			"openclSupport": false,
			"shareGLContextError": true,
			"aiSupport": false
		},
		{
			"device": "VIVO_vivo_Y79",
			"kapuSupport": false,
			"renderBlackList": [
				"render.fxaa"
			]
		},
		{
			"device": "VIVO_vivo_Xplay5A",
			"kapuSupport": false,
			"renderBlackList": [
				"render.fxaa"
			]
		},
		{
			"device": "OPPO_OPPO_A33",
			"openclSupport": false,
			"shareGLContextError": true,
			"aiSupport": false
		},
		{
			"device": "OPPO_OPPO_R11",
			"hairSegPreLoadSupport": false,
			"renderBlackList": [
				"render.fxaa"
			]
		},
		{
			"device": "OPPO_OPPO_R17",
			"renderBlackList": [
				"render.fxaa"
			]
		},
		{
			"device": "OPPO_OPPO_R9s_Plus",
			"renderBlackList": [
				"render.fxaa"
			]
		},
		{
			"device": "OPPO_OPPO_R9_Plusm_A",
			"renderBlackList": [
				"render.fxaa"
			]
		},
		{
			"device": "OPPO_OPPO_R9_Plustm_A",
			"renderBlackList": [
				"render.fxaa"
			]
		},
		{
			"device": "HUAWEI_VKY-L09",
			"kapuSupport": false
		},
		{
			"device": "MOA-AL00",
			"kapuSupport": false
		},
		{
			"device": "HUAWEI_BND-AL10",
			"kapuSupport": false
		},
		{
			"device": "HUAWEI_BND-AL00",
			"kapuSupport": false
		},
		{
			"device": "HUAWEI_MAR-AL00",
			"ace3dFlushSupport": false
		},
		{
			"device": "HUAWEI_EML-AL00",
			"ace3dFlushSupport": false
		},
		{
			"device": "VIVO_V2111A",
			"hairSegPreLoadSupport": false
		},
		{
			"device": "VIVO_V2106A",
			"hairSegPreLoadSupport": false
		},
		{
			"device": "VIVO_V2054A",
			"hairSegPreLoadSupport": false
		},
		{
			"device": "XIAOMI_M2011K2C",
			"hairSegPreLoadSupport": false
		},
		{
			"device": "XIAOMI_M2102K1AC",
			"hairSegPreLoadSupport": false
		},
		{
			"device": "XIAOMI_M2102K1C",
			"hairSegPreLoadSupport": false
		},
		{
			"device": "XIAOMI_M2012K11C",
			"hairSegPreLoadSupport": false
		},
		{
			"device": "OPPO_PEHM00",
			"hairSegPreLoadSupport": false
		},
		{
			"device": "OPPO_PDAM10",
			"hairSegPreLoadSupport": false
		},
		{
			"device": "OPPO_PDPM00",
			"hairSegPreLoadSupport": false
		},
		{
			"device": "OPPO_PCLM50",
			"hairSegPreLoadSupport": false
		},
		{
			"device": "OPPO_PEHT00",
			"hairSegPreLoadSupport": false
		},
		{
			"device": "OPPO_PEGM10",
			"hairSegPreLoadSupport": false
		},
		{
			"device": "OPPO_PDPT00",
			"hairSegPreLoadSupport": false
		},
		{
			"device": "OPPO_PDNM00",
			"hairSegPreLoadSupport": false
		},
		{
			"device": "OPPO_PDSM00",
			"hairSegPreLoadSupport": false
		},
		{
			"device": "OPPO_PEGT00",
			"hairSegPreLoadSupport": false
		},
		{
			"device": "OPPO_PCRM00",
			"hairSegPreLoadSupport": false
		},
		{
			"device": "OPPO_PEXM00",
			"hairSegPreLoadSupport": false
		},
		{
			"device": "OPPO_PEAM00",
			"hairSegPreLoadSupport": false
		},
		{
			"device": "OPPO_PCLM10",
			"hairSegPreLoadSupport": false
		},
		{
			"device": "OPPO_PBAM00",
			"hairSegPreLoadSupport": false
		},
		{
			"device": "OPPO_PBAT00",
			"hairSegPreLoadSupport": false
		},
		{
			"device": "OPPO_PBFM00",
			"hairSegPreLoadSupport": false
		},
		{
			"device": "OPPO_PDYM20",
			"hairSegPreLoadSupport": false
		},
		{
			"device": "OPPO_PBEM00",
			"hairSegPreLoadSupport": false
		},
		{
			"device": "OPPO_PDVM00",
			"hairSegPreLoadSupport": false
		},
		{
			"device": "OPPO_PCAM00",
			"hairSegPreLoadSupport": false
		},
		{
			"device": "XIAOMI_MI_9",
			"enableImuSmooth": true
		},
		{
			"device": "HUAWEI_AKA-AL10",
			"enableImuSmooth": true
		},
		{
			"device": "HUAWEI_HRY-AL00a",
			"enableImuSmooth": true
		}
	],

	"sysVersionModels":[
		{
			"version": "EmotionUI_10.0",
			"openclSupport": false
		}
	]
}
