{
  "SOC_SCORE": {
    "Qualcomm Snapdragon 855": "7800",
    "Qualcomm Snapdragon 845": "7100",
    "Qualcomm Snapdragon 835": "6100",
    "Hisilicon Kirin 980": "7100",
    "Hisilicon Kirin 970": "6500",
    "Samsung Exynos 9810": "7100",
    "Samsung Exynos 8895": "6500",
    "Samsung Exynos 8890": "5300",
    "Qualcomm Snapdragon 710": "5700",
    "Qualcomm Snapdragon 636": "5100",
    "Qualcomm Snapdragon 821": "4500",
    "Hisilicon Kirin 960": "6000",
    "HiSilicon Kirin 955": "5300",
    "HiSilicon Kirin 950": "5100",
    "HiSilicon Kirin 710": "5500",
    "Mediatek Helio X30": "5700",
    "Mediatek MT6771 Helio P60": "5500",
    "Mediatek Helio X27": "4800",
    "Qualcomm Snapdragon 820": "4100",
    "Qualcomm Snapdragon 670": "4100",
    "Qualcomm Snapdragon 660": "4100",
    "Qualcomm Snapdragon 632": "4000",
    "Qualcomm Snapdragon 630": "3900",
    "Qualcomm Snapdragon 810": "3800",
    "Qualcomm Snapdragon 653": "3800",
    "Qualcomm Snapdragon 652": "3600",
    "Qualcomm Snapdragon 650": "3500",
    "MediaTek MT8176": "3500",
    "Mediatek MT6797T Helio X25": "3800",
    "Mediatek MT6797D": "3800",
    "Mediatek MT6797X": "3800",
    "Mediatek Helio X23": "3800",
    "Mediatek MT6797 Helio X20": "3700",
    "Mediatek M6765": "3700",
    "Mediatek M675x Helio P25": "3700",
    "Mediatek M6757 Helio P20": "3600",
    "Mediatek M6757T": "3500",
    "Mediatek MT6797M": "3600",
    "Mediatek Helio P30": "3600",
    "Mediatek Helio P25": "3600",
    "Mediatek MT6763T Helio P23": "3550",
    "Mediatek Helio P22": "3530",
    "Mediatek MT6763": "3500",
    "Mediatek MT6763V": "3500",
    "Mediatek MT6762 Helio P22": "3500",
    "Mediatek MT6762 Helio P20": "3500",
    "Mediatek Helio A22": "3500",
    "HiSilicon Kirin 935": "3500",
    "Samsung Exynos 7885": "4100",
    "Samsung Exynos 7880": "4000",
    "Samsung Exynos 7420": "3900",
    "Qualcomm Snapdragon 808": "3300",
    "Qualcomm Snapdragon 805": "3200",
    "Qualcomm Snapdragon 626": "3200",
    "Qualcomm Snapdragon 801": "3100",
    "Qualcomm Snapdragon 625": "3100",
    "Qualcomm Snapdragon 800": "2700",
    "Qualcomm Snapdragon 620": "2500",
    "Qualcomm Snapdragon 617": "2400",
    "Qualcomm Snapdragon 450": "3100",
    "Qualcomm Snapdragon 439": "2900",
    "Qualcomm Snapdragon 435": "2800",
    "Qualcomm Snapdragon 430": "2700",
    "Qualcomm Snapdragon 427": "2600",
    "Mediatek MT6795M": "3400",
    "Mediatek MT6795 Helio X10": "3400",
    "Mediatek MT6755T Helio P15": "3300",
    "Mediatek MT6755 Helio P10": "3300",
    "Mediatek MT6753T": "3100",
    "Mediatek MT6753": "3100",
    "Mediatek MT6795": "2600",
    "Mediatek MT6752M": "2900",
    "Mediatek MT6752V": "2900",
    "Mediatek MT6755M": "2600",
    "Mediatek MT6755V": "2600",
    "Mediatek MT6750": "2100",
    "Mediatek MT6750C": "2100",
    "Mediatek MT6750S": "2100",
    "Mediatek MT6750T": "2100",
    "Mediatek MT6595M": "2500",
    "Mediatek MT6595": "2500",
    "Mediatek MT6592M": "2200",
    "Mediatek MT6592": "2200",
    "Samsung Exynos 7872": "3100",
    "Samsung Exynos 7870": "3400",
    "Samsung Exynos 7580": "3400",
    "Samsung Exynos 5433": "3300",
    "Samsung Exynos 5430": "3100",
    "Samsung Exynos 5800": "2300",
    "HiSilicon Kirin 930": "3400",
    "HiSilicon Kirin 659": "3400",
    "HiSilicon Kirin 658": "3400",
    "HiSilicon Kirin 655": "3400",
    "HiSilicon Kirin 650": "3300",
    "HiSilicon Kirin 928": "2300",
    "HiSilicon Kirin 925": "2200",
    "HiSilicon Kirin 910T": "2200",
    "Intel Atom Z8500": "3100",
    "Intel Atom Z2560": "2800",
    "Intel Atom Z3745": "2100",
    "NVIDIA Tegra X1": "3100",
    "NVIDIA Tegra K1": "2700",
    "NVIDIA Tegra K1 Denver": "2700",
    "NVIDIA Tegra 4": "2200",
    "Qualcomm Snapdragon 616": "1900",
    "Qualcomm Snapdragon 615": "1800",
    "Qualcomm Snapdragon 600": "1800",
    "Qualcomm Snapdragon 425": "1700",
    "Qualcomm Snapdragon 415": "1300",
    "Qualcomm Snapdragon 412": "1200",
    "Qualcomm Snapdragon 410": "1100",
    "Qualcomm Snapdragon S4 MSM8960 Pro": "1200",
    "Qualcomm Snapdragon S4 Pro APQ8064": "1700",
    "Qualcomm Snapdragon 400": "900",
    "Qualcomm Snapdragon 212": "600",
    "Qualcomm Snapdragon 210": "600",
    "Qualcomm Snapdragon 208": "600",
    "Qualcomm Snapdragon 200": "600",
    "Qualcomm Snapdragon S4 MSM8960T": "900",
    "Qualcomm Snapdragon S4 MSM8960": "800",
    "Qualcomm Snapdragon S4 Plus MSM8227": "600",
    "Qualcomm Snapdragon S3 APQ8060": "400",
    "Qualcomm Snapdragon S2 MSM8255T": "200",
    "Qualcomm Snapdragon MSM7227": "200",
    "Mediatek MT6752": "1800",
    "Mediatek MT6739": "2000",
    "Mediatek MT6739CW": "2000",
    "Mediatek MT6738": "1900",
    "Mediatek MT6732": "1600",
    "Mediatek MT6732M": "1600",
    "Mediatek MT6735": "1600",
    "Mediatek MT6735M": "1600",
    "Mediatek MT6735P": "1600",
    "Mediatek MT6737": "1800",
    "Mediatek MT6737T": "1800",
    "Mediatek MT6737M": "1800",
    "Mediatek MT6589": "2000",
    "Mediatek MT6589T": "2000",
    "Mediatek MT6582M": "1800",
    "Mediatek MT6582T": "1800",
    "Mediatek MT6582V": "1800",
    "Mediatek MT6582": "1600",
    "Mediatek MT6580": "1500",
    "Mediatek MT6580M": "1100",
    "Mediatek MT6577": "1200",
    "Mediatek MT6573": "1100",
    "Mediatek MT6572": "1100",
    "Mediatek MT6570": "1000",
    "Mediatek MT6517P": "1000",
    "Mediatek MT6517A": "1000",
    "Mediatek MT6515": "1000",
    "HiSilicon Kirin 920 Hi3630": "1800",
    "HiSilicon Kirin 920": "1800",
    "HiSilicon Kirin 620": "2000",
    "HiSilicon Kirin 905": "1600",
    "HiSilicon Kirin 910": "1600",
    "Samsung Exynos 7578": "1800",
    "Samsung Exynos 7570": "1700",
    "Samsung Exynos 5422": "2000",
    "Samsung Exynos 5420": "2000",
    "Samsung Exynos 5410": "1700",
    "Samsung Exynos 5260": "1700",
    "Samsung Exynos 5250": "1200",
    "Samsung Exynos 4415": "1500",
    "Samsung Exynos 4412": "1500",
    "Samsung Exynos 4212": "800",
    "Samsung Exynos 4210": "700",
    "Samsung Exynos 3475": "1100",
    "Samsung Exynos 3470": "900",
    "NVIDIA Tegra 3 T30L": "900",
    "NVIDIA Tegra 3 T30": "800",
    "Ti OMAP 4470": "800",
    "Ti OMAP 4460": "600",
    "Ti OMAP 4430": "500"
  }
}