{
  "distortionList": [
    {
      "radius": 500,
      "distortion": 3,
      "strength": 0.087099999189376831,
      "position": 9,
      "direction": 2
    },
    {
      "radius": 80,
      "distortion": 3,
      "strength": 0.25,
      "dx": -6,
      "position": 35,
      "direction": 1
    },
    {
      "radius": 80,
      "distortion": 3,
      "strength": 0.25,
      "dx": 6,
      "position": 45,
      "direction": 3
    },
    {
      "radius": 80,
      "distortion": 3,
      "strength": 0.2199999988079071,
      "position": 41,
      "direction": 2
    },
    {
      "radius": 80,
      "distortion": 3,
      "strength": 0.2199999988079071,
      "position": 51,
      "direction": 2
    },
    {
      "radius": 80,
      "distortion": 3,
      "strength": 0.10000000149011612,
      "dx": 5,
      "position": 36,
      "direction": 4
    },
    {
      "radius": 80,
      "distortion": 3,
      "strength": 0.10000000149011612,
      "dx": -5,
      "position": 46,
      "direction": 4
    },
    {
      "radius": 80,
      "distortion": 3,
      "strength": 0.11999999731779099,
      "position": 42,
      "direction": 2
    },
    {
      "radius": 80,
      "distortion": 3,
      "strength": 0.11999999731779099,
      "position": 52,
      "direction": 2
    },
    {
      "radius": 80,
      "distortion": 1,
      "strength": 0.070000000298023224,
      "position": 43,
      "direction": 0
    },
    {
      "radius": 80,
      "distortion": 1,
      "strength": 0.070000000298023224,
      "position": 53,
      "direction": 0
    },
    {
      "radius": 180,
      "position": 57,
      "dy": -10,
      "distortion": 3,
      "strength": 0.15000000596046448,
      "direction": 3,
      "dx": 10
    },
    {
      "radius": 180,
      "position": 61,
      "dy": -10,
      "distortion": 3,
      "strength": 0.15000000596046448,
      "direction": 1,
      "dx": -10
    },
    {
      "radius": 200,
      "distortion": 3,
      "strength": 0.079999998211860657,
      "position": 0,
      "direction": 3
    },
    {
      "radius": 200,
      "distortion": 3,
      "strength": 0.079999998211860657,
      "position": 18,
      "direction": 1
    },
    {
      "radius": 220,
      "distortion": 3,
      "strength": 0.093800000846385956,
      "position": 2,
      "direction": 6
    },
    {
      "radius": 220,
      "distortion": 3,
      "strength": 0.093800000846385956,
      "position": 16,
      "direction": 5
    },
    {
      "radius": 200,
      "position": 5,
      "dy": -5,
      "distortion": 3,
      "strength": 0.10719999670982361,
      "direction": 6,
      "dx": -10
    },
    {
      "radius": 200,
      "position": 13,
      "dy": -5,
      "distortion": 3,
      "strength": 0.10719999670982361,
      "direction": 5,
      "dx": 10
    },
    {
      "radius": 120,
      "position": 7,
      "dy": 0,
      "distortion": 3,
      "strength": 0.067000001668930054,
      "direction": 6,
      "dx": 5
    },
    {
      "radius": 120,
      "position": 11,
      "dy": 0,
      "distortion": 3,
      "strength": 0.067000001668930054,
      "direction": 5,
      "dx": -5
    },
    {
      "radius": 120,
      "position": 39,
      "dy": 0,
      "targetDx": 0,
      "distortion": 3,
      "strength": 0.10000000149011612,
      "direction": 3,
      "dx": 0,
      "targetDy": 0
    },
    {
      "radius": 120,
      "position": 49,
      "dy": 0,
      "targetDx": 0,
      "distortion": 3,
      "strength": 0.10000000149011612,
      "direction": 1,
      "dx": 0,
      "targetDy": 0
    },
    {
      "radius": 120,
      "position": 5,
      "dy": 0,
      "targetDx": 0,
      "distortion": 3,
      "strength": 0.10050000250339508,
      "direction": 3,
      "dx": 10,
      "targetDy": 0
    },
    {
      "radius": 120,
      "position": 13,
      "dy": 10,
      "targetDx": 0,
      "distortion": 3,
      "strength": 0.10050000250339508,
      "direction": 1,
      "dx": -10,
      "targetDy": 0
    },
    {
      "radius": 220,
      "position": 9,
      "dy": -20,
      "targetDx": 0,
      "distortion": 3,
      "strength": 0.087099999189376831,
      "direction": 2,
      "dx": 0,
      "targetDy": 0
    },
    {
      "radius": 240,
      "position": 85,
      "dy": -20,
      "targetDx": 0,
      "distortion": 3,
      "strength": 0.087099999189376831,
      "direction": 2,
      "dx": 0,
      "targetDy": 0
    },
    {
      "radius": 600,
      "position": 83,
      "dy": -50,
      "targetDx": 0,
      "distortion": 3,
      "strength": 0.059999998658895493,
      "direction": 2,
      "dx": 0,
      "targetDy": 0
    },
    {
      "radius": 80,
      "position": 8,
      "dy": 10,
      "targetDx": 0,
      "distortion": 3,
      "strength": 0.039999999105930328,
      "direction": 6,
      "dx": 0,
      "targetDy": 0
    },
    {
      "radius": 80,
      "position": 10,
      "dy": 10,
      "targetDx": 0,
      "distortion": 3,
      "strength": 0.039999999105930328,
      "direction": 5,
      "dx": 0,
      "targetDy": 0
    },
    {
      "radius": 300,
      "position": 86,
      "dy": -20,
      "targetDx": 0,
      "distortion": 4,
      "strength": 0.06,
      "directionArray": [
        83,
        -1,
        -1,
        -1
      ],
      "direction": 83,
      "dx": 0,
      "targetDy": 0
    },
    {
      "radius": 300,
      "position": 88,
      "dy": -20,
      "targetDx": 0,
      "distortion": 4,
      "strength": 0.06,
      "directionArray": [
        83,
        -1,
        -1,
        -1
      ],
      "direction": 83,
      "dx": 0,
      "targetDy": 0
    },
    {
      "radius": 300,
      "position": 87,
      "dy": 50,
      "targetDx": 0,
      "distortion": 4,
      "strength": 0.05,
      "directionArray": [
        83,
        -1,
        -1,
        -1
      ],
      "direction": 83,
      "dx": 0,
      "targetDy": 0
    }
  ]
}
  